id,name,medicine_group,slug,description,image_path,power,amount,strength,manufacturer,buying_price,price,stock_quantity,requires_prescription,is_active,created_at,updated_at
1,Napa,Paracetamol,napa-500mg,"Analgesic and antipyretic for pain and fever relief.",medicines/tablets.png,500mg,"1 strip x 10 tablets",500mg,"Beximco Pharmaceuticals Ltd.",10.00,12.00,1043,0,1,"2026-05-26 17:18:21","2026-06-12 20:18:43"
2,Omeprazole,Omeprazole,omeprazole-20mg,"Acid reflux and gastric control capsule.",medicines/capsules.png,20mg,"1 strip x 10 capsules",20mg,"Square Pharma",5.60,8.00,299,0,1,"2026-05-26 17:18:21","2026-06-12 20:00:07"
3,Cefixime,Cefixime,cefixime-200mg,"Antibiotic capsule. Use on physician advice.",medicines/capsules.png,200mg,"1 strip x 10 tablets",200mg,Incepta,30.40,38.00,120,1,1,"2026-05-26 17:18:21","2026-06-12 20:00:07"
4,Azithromycin,Azithromycin,azithromycin-500mg,"Macrolide antibiotic used for respiratory infections.",medicines/tablets.png,500mg,"1 strip x 6 tablets",500mg,"Beximco Pharma",36.00,45.00,148,1,1,"2026-05-26 17:18:21","2026-06-12 20:00:07"
5,"Vitamin C","Ascorbic Acid",vitamin-c-500mg,"Chewable vitamin C for immune support.",medicines/tablets.png,500mg,"1 bottle x 30 tablets",500mg,"Square Pharma",84.00,120.00,800,0,1,"2026-05-26 17:18:21","2026-06-12 20:00:07"
6,"Amoxicillin Syrup",Amoxicillin,amoxicillin-syrup-125mg5ml,"Liquid antibiotic for children.",medicines/syrup.png,125mg/5ml,"1 bottle x 100ml",125mg/5ml,Incepta,52.00,65.00,199,1,1,"2026-05-26 17:18:21","2026-06-12 20:00:07"
7,Flamex,Ibuprofen,ibuprofen-400mg,"Anti-inflammatory painkiller.",medicines/tablets.png,400mg,"1 strip x 10 tablets",400mg,"Renata Ltd",8.75,12.50,399,0,1,"2026-05-26 17:18:21","2026-06-12 20:41:04"
8,Cetirizine,"Cetirizine Hydrochloride",cetirizine-10mg,"Antihistamine for allergy relief.",medicines/tablets.png,10mg,"1 strip x 10 tablets",10mg,"Square Pharma",3.50,5.00,600,0,1,"2026-05-26 17:18:21","2026-06-12 20:00:07"
9,"Losartan Potassium",Losartan,losartan-potassium-50mg,"Used to treat high blood pressure.",medicines/tablets.png,50mg,"1 strip x 10 tablets",50mg,"Beximco Pharma",14.40,18.00,250,1,1,"2026-05-26 17:18:21","2026-06-12 20:00:07"
10,Metformin,"Metformin Hydrochloride",metformin-500mg,"Type 2 diabetes medication.",medicines/tablets.png,500mg,"1 strip x 10 tablets",500mg,Incepta,8.00,10.00,300,1,1,"2026-05-26 17:18:21","2026-06-12 20:00:07"
11,"Napa Extend",Paracetamol,napa-extend,"Extended release analgesic for long-lasting pain relief.",medicines/tablet.png,665mg,"1 strip x 10 tablets",665mg,"Square Pharmaceuticals PLC",16.00,20.00,607,0,1,"2026-06-12 20:18:43","2026-06-12 20:26:25"
12,"Napa Rapid",Paracetamol,napa-rapid,"Fast acting paracetamol for rapid pain relief.",medicines/tablet.png,500mg,"1 strip x 10 tablets",500mg,"Incepta Pharmaceuticals Ltd.",13.00,15.00,593,0,1,"2026-06-12 20:18:43","2026-06-12 20:26:25"
13,Ace,Paracetamol,ace,"Analgesic and antipyretic medication.",medicines/tablet.png,500mg,"1 strip x 10 tablets",500mg,"Opsonin Pharma Ltd.",10.00,12.00,727,0,1,"2026-06-12 20:18:43","2026-06-12 20:26:25"
14,"Ace Plus","Paracetamol + Caffeine",ace-plus,"Combination analgesic for severe headache and fever.",medicines/tablet.png,500mg/65mg,"1 strip x 10 tablets",500mg/65mg,"Renata Limited",20.00,25.00,949,0,1,"2026-06-12 20:18:43","2026-06-12 20:26:25"
15,Fast,Paracetamol,fast,"Fever and pain reducer.",medicines/tablet.png,500mg,"1 strip x 10 tablets",500mg,"Aci Limited",10.00,12.00,1026,0,1,"2026-06-12 20:18:43","2026-06-12 20:26:25"
16,Seclo,Omeprazole,seclo,"Proton pump inhibitor for severe GERD.",medicines/capsule.png,40mg,"1 strip x 10 capsules",40mg,"Aristopharma Ltd.",60.00,70.00,1184,0,1,"2026-06-12 20:18:43","2026-06-12 20:26:25"
17,Losectil,Omeprazole,losectil,"Anti-ulcerant for gastric hyperacidity.",medicines/capsule.png,20mg,"1 strip x 10 capsules",20mg,"Drug International Ltd.",42.00,50.00,803,0,1,"2026-06-12 20:18:43","2026-06-12 20:26:25"
18,Sergel,Esomeprazole,sergel,"High dose anti-ulcerant for erosive esophagitis.",medicines/ointment.png,40mg,"1 strip x 10 capsules",40mg,"Popular Pharmaceuticals Ltd.",75.00,90.00,389,0,1,"2026-06-12 20:18:43","2026-06-12 20:26:25"
19,Maxpro,Esomeprazole,maxpro,"Gastric acid reducer.",medicines/tablet.png,40mg,"1 strip x 10 tablets",40mg,"Healthcare Pharmaceuticals Ltd.",76.00,90.00,645,0,1,"2026-06-12 20:18:43","2026-06-12 20:26:25"
20,Nexum,Esomeprazole,nexum,"Gastric hyperacidity and ulcer relief.",medicines/capsule.png,20mg,"1 strip x 10 capsules",20mg,"Beximco Pharmaceuticals Ltd.",56.00,70.00,964,0,1,"2026-06-12 20:18:43","2026-06-12 20:26:25"
21,Finix,Rabeprazole,finix,"Proton pump inhibitor for rapid acid suppression.",medicines/tablet.png,20mg,"1 strip x 10 tablets",20mg,"Square Pharmaceuticals PLC",60.00,70.00,959,0,1,"2026-06-12 20:18:43","2026-06-12 20:26:25"
22,Alacen,Alimemazine,alacen,"Antihistamine for allergic rhinitis and itching.",medicines/tablet.png,5mg,"1 strip x 10 tablets",5mg,"Incepta Pharmaceuticals Ltd.",25.00,30.00,1056,0,1,"2026-06-12 20:18:43","2026-06-12 20:26:25"
23,Fexo,"Fexofenadine HCl",fexo,"High strength antihistamine for chronic urticaria.",medicines/tablet.png,180mg,"1 strip x 10 tablets",180mg,"Renata Limited",92.00,110.00,1016,0,1,"2026-06-12 20:18:43","2026-06-12 20:26:25"
24,Telfast,"Fexofenadine HCl",telfast,"Premium non-drowsy allergy relief.",medicines/tablet.png,120mg,"1 strip x 10 tablets",120mg,"Aci Limited",80.00,100.00,690,0,1,"2026-06-12 20:18:43","2026-06-12 20:26:25"
25,Alatrol,"Cetirizine Dihydrochloride",alatrol,"Effective daily allergy and cold relief.",medicines/tablet.png,10mg,"1 strip x 15 tablets",10mg,"Eskayef Pharmaceuticals Ltd.",38.00,45.00,1207,0,1,"2026-06-12 20:18:43","2026-06-12 20:26:25"
26,Histacin,"Chlorpheniramine Maleate",histacin,"Classic antihistamine for allergic reactions.",medicines/tablet.png,4mg,"1 strip x 10 tablets",4mg,"Aristopharma Ltd.",4.00,5.00,707,0,1,"2026-06-12 20:18:43","2026-06-12 20:26:25"
27,Monas,Montelukast,monas,"Pediatric chewable asthma control tablet.",medicines/tablet.png,5mg,"1 strip x 10 tablets",5mg,"Radiant Pharmaceuticals Ltd.",70.00,80.00,438,1,1,"2026-06-12 20:18:43","2026-06-12 20:26:25"
28,Provair,Montelukast,provair,"Prophylaxis and chronic treatment of asthma.",medicines/tablet.png,10mg,"1 strip x 10 tablets",10mg,"Popular Pharmaceuticals Ltd.",125.00,150.00,585,1,1,"2026-06-12 20:18:43","2026-06-12 20:26:25"
29,Azmasol,Salbutamol,azmasol,"Bronchodilator MDI inhaler for asthma rescue.",medicines/inhaler.png,100mcg/puff,"1 Canister x 200 puffs",100mcg/puff,"Beacon Pharmaceuticals PLC",190.00,220.00,319,1,1,"2026-06-12 20:18:43","2026-06-12 20:26:25"
30,Windel,Salbutamol,windel,"Bronchodilator tablet for respiratory relief.",medicines/tablet.png,4mg,"1 strip x 10 tablets",4mg,"Healthcare Pharmaceuticals Ltd.",8.00,10.00,343,1,1,"2026-06-12 20:18:43","2026-06-12 20:26:25"
31,Zimax,Azithromycin,zimax,"Broad-spectrum macrolide antibiotic.",medicines/tablet.png,500mg,"1 strip x 3 tablets",500mg,"Beximco Pharmaceuticals Ltd.",95.00,105.00,966,1,1,"2026-06-12 20:18:43","2026-06-12 20:26:25"
32,Azithrocin,Azithromycin,azithrocin,"Antibiotic for bacterial respiratory infections.",medicines/tablet.png,500mg,"1 strip x 3 tablets",500mg,"Square Pharmaceuticals PLC",96.00,105.00,1279,1,1,"2026-06-12 20:18:43","2026-06-12 20:26:25"
33,Fixim,Cefixime,fixim,"Third-generation cephalosporin antibiotic.",medicines/capsule.png,400mg,"1 strip x 7 capsules",400mg,"Incepta Pharmaceuticals Ltd.",280.00,315.00,1119,1,1,"2026-06-12 20:18:43","2026-06-12 20:26:25"
34,Cef-3,Cefixime,cef-3,"Potent antibiotic for urinary and ENT infections.",medicines/capsule.png,400mg,"1 strip x 7 capsules",400mg,"Opsonin Pharma Ltd.",285.00,315.00,1212,1,1,"2026-06-12 20:18:43","2026-06-12 20:26:25"
35,Cefutil,"Cefuroxime Axetil",cefutil,"Second-generation cephalosporin antibiotic.",medicines/tablet.png,500mg,"1 strip x 8 tablets",500mg,"Renata Limited",360.00,400.00,1283,1,1,"2026-06-12 20:18:43","2026-06-12 20:26:25"
36,Cerox,"Cefuroxime Axetil",cerox,"Broad antibiotic coverage for systemic infections.",medicines/tablet.png,500mg,"1 strip x 8 tablets",500mg,"Aci Limited",362.00,400.00,1208,1,1,"2026-06-12 20:18:43","2026-06-12 20:26:25"
37,Fluclox,Flucloxacillin,fluclox,"Penicillinase-resistant antibiotic for skin infections.",medicines/capsule.png,500mg,"1 strip x 10 capsules",500mg,"Eskayef Pharmaceuticals Ltd.",90.00,110.00,514,1,1,"2026-06-12 20:18:43","2026-06-12 20:26:25"
38,Phylopen,Flucloxacillin,phylopen,"Antibiotic targeting staphylococcal skin infections.",medicines/capsule.png,500mg,"1 strip x 10 capsules",500mg,"Aristopharma Ltd.",92.00,110.00,537,1,1,"2026-06-12 20:18:43","2026-06-12 20:26:25"
39,Moxacil,Amoxicillin,moxacil,"Broad-spectrum penicillin antibiotic.",medicines/capsule.png,500mg,"1 strip x 10 capsules",500mg,"Drug International Ltd.",60.00,70.00,607,1,1,"2026-06-12 20:18:43","2026-06-12 20:26:25"
40,Flemoxin,Amoxicillin,flemoxin,"Antibiotic for standard bacterial infections.",medicines/tablet.png,500mg,"1 strip x 10 tablets",500mg,"Radiant Pharmaceuticals Ltd.",62.00,72.00,1043,1,1,"2026-06-12 20:18:43","2026-06-12 20:26:25"
41,Ciprocin,Ciprofloxacin,ciprocin,"Fluoroquinolone antibiotic for GI and UT infections.",medicines/tablet.png,500mg,"1 strip x 10 tablets",500mg,"Popular Pharmaceuticals Ltd.",130.00,150.00,1205,1,1,"2026-06-12 20:18:43","2026-06-12 20:26:25"
42,Neofloxin,Ciprofloxacin,neofloxin,"Potent broad-spectrum fluoroquinolone antibiotic.",medicines/tablet.png,500mg,"1 strip x 10 tablets",500mg,"Beacon Pharmaceuticals PLC",128.00,150.00,905,1,1,"2026-06-12 20:18:43","2026-06-12 20:26:25"
43,Levoflox,Levofloxacin,levoflox,"Advanced respiratory and urinary antibiotic.",medicines/tablet.png,500mg,"1 strip x 10 tablets",500mg,"Healthcare Pharmaceuticals Ltd.",100.00,120.00,1104,1,1,"2026-06-12 20:18:43","2026-06-12 20:26:25"
44,Avelox,Moxifloxacin,avelox,"Fluoroquinolone for complex respiratory tract infections.",medicines/tablet.png,400mg,"1 strip x 5 tablets",400mg,"Beximco Pharmaceuticals Ltd.",200.00,230.00,555,1,1,"2026-06-12 20:18:43","2026-06-12 20:26:25"
45,Bizoran,"Amlodipine + Olmesartan",bizoran,"Combination antihypertensive for high BP control.",medicines/syrup.png,5mg/20mg,"1 strip x 10 tablets",5mg/20mg,"Square Pharmaceuticals PLC",100.00,120.00,759,1,1,"2026-06-12 20:18:43","2026-06-12 20:26:25"
46,Camlodin,"Amlodipine Besilate",camlodin,"Calcium channel blocker for hypertension.",medicines/syrup.png,5mg,"1 strip x 10 tablets",5mg,"Incepta Pharmaceuticals Ltd.",42.00,50.00,1119,1,1,"2026-06-12 20:18:43","2026-06-12 20:26:25"
47,Amocal,Amlodipine,amocal,"Blood pressure lowering medication.",medicines/syrup.png,5mg,"1 strip x 10 tablets",5mg,"Opsonin Pharma Ltd.",40.00,50.00,1278,1,1,"2026-06-12 20:18:43","2026-06-12 20:26:25"
48,Angilock,"Losartan Potassium",angilock,"Angiotensin II receptor antagonist for hypertension.",medicines/tablet.png,50mg,"1 strip x 10 tablets",50mg,"Renata Limited",68.00,80.00,615,1,1,"2026-06-12 20:18:43","2026-06-12 20:26:25"
49,"Angilock Plus","Losartan + Hydrochlorothiazide",angilock-plus,"Combined antihypertensive and diuretic.",medicines/tablet.png,50mg/12.5mg,"1 strip x 10 tablets",50mg/12.5mg,"Aci Limited",85.00,100.00,698,1,1,"2026-06-12 20:18:43","2026-06-12 20:26:25"
50,Osart,"Losartan Potassium",osart,"Cardioprotective hypertension management.",medicines/tablet.png,50mg,"1 strip x 10 tablets",50mg,"Eskayef Pharmaceuticals Ltd.",70.00,80.00,1155,1,1,"2026-06-12 20:18:43","2026-06-12 20:26:25"
51,Concor,"Bisoprolol Fumarate",concor,"Low dose beta-blocker for stable heart failure.",medicines/tablet.png,2.5mg,"1 strip x 10 tablets",2.5mg,"Drug International Ltd.",52.00,60.00,831,1,1,"2026-06-12 20:18:43","2026-06-12 20:26:25"
52,Bisoprol,"Bisoprolol Fumarate",bisoprol,"Management of high blood pressure and ischemic heart disease.",medicines/tablet.png,5mg,"1 strip x 10 tablets",5mg,"Radiant Pharmaceuticals Ltd.",65.00,75.00,599,1,1,"2026-06-12 20:18:43","2026-06-12 20:26:25"
53,Cardizen,"Diltiazem HCl",cardizen,"Calcium channel blocker for chronic stable angina.",medicines/tablet.png,60mg,"1 strip x 10 tablets",60mg,"Popular Pharmaceuticals Ltd.",40.00,48.00,1478,1,1,"2026-06-12 20:18:43","2026-06-12 20:26:25"
54,Lipigel,Atorvastatin,lipigel,"Statins for lowering cholesterol and lipid control.",medicines/ointment.png,10mg,"1 strip x 10 tablets",10mg,"Beacon Pharmaceuticals PLC",102.00,120.00,1107,1,1,"2026-06-12 20:18:43","2026-06-12 20:26:25"
55,Atova,Atorvastatin,atova,"Lipid-lowering agent to prevent cardiovascular risk.",medicines/tablet.png,20mg,"1 strip x 10 tablets",20mg,"Healthcare Pharmaceuticals Ltd.",155.00,180.00,1107,1,1,"2026-06-12 20:18:43","2026-06-12 20:26:25"
56,Rovista,Rosuvastatin,rovista,"High efficacy lipid-regulating agent.",medicines/tablet.png,5mg,"1 strip x 10 tablets",5mg,"Square Pharmaceuticals PLC",72.00,85.00,482,1,1,"2026-06-12 20:18:43","2026-06-12 20:26:25"
57,Ecosprin,Aspirin,ecosprin,"Anti-platelet aggregator to prevent cardiac thrombus.",medicines/tablet.png,75mg,"1 strip x 14 tablets",75mg,"Incepta Pharmaceuticals Ltd.",10.00,14.00,692,1,1,"2026-06-12 20:18:43","2026-06-12 20:26:25"
58,Atrin,"Aspirin (Enteric Coated)",atrin,"Gastro-resistant anti-platelet formulation.",medicines/tablet.png,75mg,"1 strip x 10 tablets",75mg,"Opsonin Pharma Ltd.",8.00,10.00,1335,1,1,"2026-06-12 20:18:43","2026-06-12 20:26:25"
59,Clopilet,Clopidogrel,clopilet,"Anti-thrombotic therapy post myocardial infarction.",medicines/tablet.png,75mg,"1 strip x 10 tablets",75mg,"Renata Limited",102.00,120.00,648,1,1,"2026-06-12 20:18:43","2026-06-12 20:26:26"
60,Anclog,Clopidogrel,anclog,"Platelet aggregation inhibitor.",medicines/tablet.png,75mg,"1 strip x 10 tablets",75mg,"Aci Limited",100.00,120.00,1063,1,1,"2026-06-12 20:18:43","2026-06-12 20:26:26"
61,Gliben,Glibenclamide,gliben,"Sulfonylurea anti-diabetic agent.",medicines/tablet.png,5mg,"1 strip x 10 tablets",5mg,"Eskayef Pharmaceuticals Ltd.",12.00,15.00,658,1,1,"2026-06-12 20:18:43","2026-06-12 20:26:26"
62,Comet,"Metformin Hydrochloride",comet,"Biguanide oral hypoglycemic for Type 2 diabetes.",medicines/tablet.png,500mg,"1 strip x 10 tablets",500mg,"Aristopharma Ltd.",21.00,25.00,353,1,1,"2026-06-12 20:18:43","2026-06-12 20:26:26"
63,"Comet XR","Metformin Hydrochloride",comet-xr,"Extended release metformin for glycemic control.",medicines/tablet.png,850mg,"1 strip x 10 tablets",850mg,"Drug International Ltd.",38.00,45.00,533,1,1,"2026-06-12 20:18:43","2026-06-12 20:26:26"
64,Secrin,Glimepiride,secrin,"Long-acting blood glucose regulator.",medicines/tablet.png,1mg,"1 strip x 10 tablets",1mg,"Popular Pharmaceuticals Ltd.",42.00,50.00,971,1,1,"2026-06-12 20:18:43","2026-06-12 20:26:26"
65,Dianil,Gliclazide,dianil,"Oral hypoglycemic agent minimizing beta cell fatigue.",medicines/tablet.png,80mg,"1 strip x 10 tablets",80mg,"Beacon Pharmaceuticals PLC",48.00,55.00,533,1,1,"2026-06-12 20:18:43","2026-06-12 20:26:26"
66,Garnil,Linagliptin,garnil,"DPP-4 inhibitor for type-2 diabetes mellitus.",medicines/tablet.png,5mg,"1 strip x 10 tablets",5mg,"Healthcare Pharmaceuticals Ltd.",190.00,220.00,807,1,1,"2026-06-12 20:18:43","2026-06-12 20:26:26"
67,Linaglip,Linagliptin,linaglip,"Highly selective DPP-4 enzyme inhibitor.",medicines/tablet.png,5mg,"1 strip x 10 tablets",5mg,"Beximco Pharmaceuticals Ltd.",185.00,220.00,339,1,1,"2026-06-12 20:18:43","2026-06-12 20:26:26"
68,Jardiance,Empagliflozin,jardiance,"SGLT2 inhibitor providing cardio-renal safety.",medicines/tablet.png,10mg,"1 strip x 10 tablets",10mg,"Square Pharmaceuticals PLC",260.00,300.00,1060,1,1,"2026-06-12 20:18:43","2026-06-12 20:26:26"
69,Imotil,"Loperamide HCl",imotil,"Antidiarrheal agent to decrease intestinal motility.",medicines/capsule.png,2mg,"1 strip x 10 capsules",2mg,"Incepta Pharmaceuticals Ltd.",12.00,15.00,1255,0,1,"2026-06-12 20:18:43","2026-06-12 20:26:26"
70,Entydue,Nitazoxanide,entydue,"Antiprotozoal agent for infectious diarrhea.",medicines/tablet.png,500mg,"1 strip x 6 tablets",500mg,"Opsonin Pharma Ltd.",90.00,108.00,1477,1,1,"2026-06-12 20:18:43","2026-06-12 20:26:26"
71,Filmet,Metronidazole,filmet,"Amoebicide and anti-protozoal medication.",medicines/tablet.png,400mg,"1 strip x 10 tablets",400mg,"Renata Limited",18.00,22.00,675,1,1,"2026-06-12 20:18:43","2026-06-12 20:26:26"
72,Flamyd,Metronidazole,flamyd,"Anti-anaerobic bacterial and protozoal drug.",medicines/tablet.png,400mg,"1 strip x 10 tablets",400mg,"Aci Limited",17.00,22.00,470,1,1,"2026-06-12 20:18:43","2026-06-12 20:26:26"
73,Xenobid,Naproxen,xenobid,"NSAID for musculoskeletal pain and arthritis.",medicines/tablet.png,500mg,"1 strip x 10 tablets",500mg,"Eskayef Pharmaceuticals Ltd.",68.00,80.00,515,1,1,"2026-06-12 20:18:43","2026-06-12 20:26:26"
74,Anaprox,"Naproxen Sodium",anaprox,"Rapidly absorbed anti-inflammatory analgesic.",medicines/tablet.png,550mg,"1 strip x 10 tablets",550mg,"Aristopharma Ltd.",86.00,100.00,1259,1,1,"2026-06-12 20:18:43","2026-06-12 20:26:26"
75,Flamax,Flurbiprofen,flamax,"NSAID for acute perioperative and ocular pain.",medicines/tablet.png,100mg,"1 strip x 10 tablets",100mg,"Drug International Ltd.",50.00,60.00,618,1,1,"2026-06-12 20:18:43","2026-06-12 20:26:26"
76,Voltalin,"Diclofenac Sodium",voltalin,"Potent systemic analgesic and anti-arthritic.",medicines/tablet.png,50mg,"1 strip x 10 tablets",50mg,"Radiant Pharmaceuticals Ltd.",22.00,28.00,592,1,1,"2026-06-12 20:18:43","2026-06-12 20:26:26"
77,Clofenac,"Diclofenac Sodium",clofenac,"NSAID for severe rheumatic and chronic pain.",medicines/tablet.png,50mg,"1 strip x 10 tablets",50mg,"Popular Pharmaceuticals Ltd.",20.00,26.00,1374,1,1,"2026-06-12 20:18:43","2026-06-12 20:26:26"
78,Aceclor,Aceclofenac,aceclor,"Selective cox-inhibitor targeting joint inflammation.",medicines/tablet.png,100mg,"1 strip x 10 tablets",100mg,"Beacon Pharmaceuticals PLC",38.00,45.00,659,1,1,"2026-06-12 20:18:43","2026-06-12 20:26:26"
79,Flexi,Aceclofenac,flexi,"Anti-inflammatory for osteoarthritis and RA.",medicines/tablet.png,100mg,"1 strip x 10 tablets",100mg,"Healthcare Pharmaceuticals Ltd.",37.00,45.00,1430,1,1,"2026-06-12 20:18:43","2026-06-12 20:26:26"
80,Etoricox,Etoricoxib,etoricox,"Selective COX-2 inhibitor for acute gouty pain.",medicines/tablet.png,90mg,"1 strip x 10 tablets",90mg,"Beximco Pharmaceuticals Ltd.",95.00,110.00,611,1,1,"2026-06-12 20:18:43","2026-06-12 20:26:26"
81,Ecox,Etoricoxib,ecox,"Targeted anti-inflammatory for bone and joint pain.",medicines/tablet.png,120mg,"1 strip x 10 tablets",120mg,"Square Pharmaceuticals PLC",110.00,130.00,1457,1,1,"2026-06-12 20:18:43","2026-06-12 20:26:26"
82,Calbo,"Calcium Carbonate",calbo,"Calcium supplement for bone health.",medicines/tablet.png,500mg,"1 strip x 15 tablets",500mg,"Incepta Pharmaceuticals Ltd.",75.00,90.00,1408,0,1,"2026-06-12 20:18:43","2026-06-12 20:26:26"
83,Calbo-D,"Calcium + Vitamin D3",calbo-d,"Essential mineral combination for bone density.",medicines/tablet.png,500mg/200IU,"1 strip x 15 tablets",500mg/200IU,"Opsonin Pharma Ltd.",105.00,120.00,1099,0,1,"2026-06-12 20:18:43","2026-06-12 20:26:26"
84,"Ostocal D","Calcium + Vitamin D3",ostocal-d,"Daily calcium management for osteoporosis.",medicines/tablet.png,500mg/200IU,"1 strip x 15 tablets",500mg/200IU,"Renata Limited",102.00,120.00,465,0,1,"2026-06-12 20:18:43","2026-06-12 20:26:26"
85,D-Rise,"Cholecalciferol (Vit. D3)",d-rise,"High potency vitamin D3 for correction of deficiency.",medicines/capsule.png,40000IU,"1 strip x 4 capsules",40000IU,"Aci Limited",135.00,160.00,520,1,1,"2026-06-12 20:18:43","2026-06-12 20:26:26"
86,Surbex-T,"Vitamin B-Complex + Vitamin C",surbex-t,"High potency therapeutic B-complex with Vitamin C.",medicines/tablet.png,Standard,"1 strip x 10 tablets",Standard,"Eskayef Pharmaceuticals Ltd.",55.00,65.00,1363,0,1,"2026-06-12 20:18:43","2026-06-12 20:26:26"
87,Beco-Zinc,"Vitamin B-Complex + Zinc",beco-zinc,"Immune support and tissue regeneration supplement.",medicines/tablet.png,Standard,"1 strip x 15 tablets",Standard,"Aristopharma Ltd.",40.00,48.00,608,0,1,"2026-06-12 20:18:43","2026-06-12 20:26:26"
88,Neuro-B,"Vitamin B1 + B6 + B12",neuro-b,"Combination for neuropathic pain and nerve health.",medicines/tablet.png,100mg/200mg/200mcg,"1 strip x 10 tablets",100mg/200mg/200mcg,"Drug International Ltd.",72.00,90.00,1099,0,1,"2026-06-12 20:18:43","2026-06-12 20:26:26"
89,Neo-B,"Vitamin B1 + B6 + B12",neo-b,"Nerve optimization multivitamin compound.",medicines/tablet.png,100mg/200mg/200mcg,"1 strip x 10 tablets",100mg/200mg/200mcg,"Radiant Pharmaceuticals Ltd.",75.00,90.00,487,0,1,"2026-06-12 20:18:43","2026-06-12 20:26:26"
90,"Aristovit M","Multivitamin & Multimineral",aristovit-m,"Comprehensive daily nutritional coverage.",medicines/tablet.png,"A to Z","1 Bottle x 30 tablets","A to Z","Popular Pharmaceuticals Ltd.",180.00,220.00,1038,0,1,"2026-06-12 20:18:43","2026-06-12 20:26:26"
91,Xeldrin,"Glucosamine + Chondroitin",xeldrin,"Cartilage rebuilder for advanced osteoarthritis.",medicines/tablet.png,500mg/400mg,"1 strip x 10 tablets",500mg/400mg,"Beacon Pharmaceuticals PLC",140.00,160.00,792,0,1,"2026-06-12 20:18:43","2026-06-12 20:26:26"
92,"Bextram Gold","Multivitamin & Multimineral",bextram-gold,"Premium therapeutic nutrition supplement.",medicines/tablet.png,"A to Z","1 Bottle x 30 tablets","A to Z","Healthcare Pharmaceuticals Ltd.",200.00,240.00,1179,0,1,"2026-06-12 20:18:43","2026-06-12 20:26:26"
93,Feosol,"Iron Carbonyl + Folic Acid",feosol,"Hematinic therapy for iron deficiency anemia.",medicines/capsule.png,50mg/610mcg,"1 strip x 10 capsules",50mg/610mcg,"Beximco Pharmaceuticals Ltd.",42.00,50.00,632,0,1,"2026-06-12 20:18:43","2026-06-12 20:26:26"
94,Zif,"Zinc Sulfate + Iron",zif,"Prenatal nutritional replacement capsule.",medicines/capsule.png,Standard,"1 strip x 10 capsules",Standard,"Square Pharmaceuticals PLC",30.00,35.00,1352,0,1,"2026-06-12 20:18:43","2026-06-12 20:26:26"
95,Avomine,"Promethazine Theoclate",avomine,"Antiemetic for motion sickness and vertigo.",medicines/tablet.png,25mg,"1 strip x 10 tablets",25mg,"Incepta Pharmaceuticals Ltd.",15.00,20.00,873,0,1,"2026-06-12 20:18:43","2026-06-12 20:26:26"
96,Joytrip,"Hyoscine Hydrobromide",joytrip,"Fast acting travel sickness preventative.",medicines/tablet.png,0.3mg,"1 strip x 4 tablets",0.3mg,"Opsonin Pharma Ltd.",12.00,16.00,1094,0,1,"2026-06-12 20:18:43","2026-06-12 20:26:26"
97,Motigut,Domperidone,motigut,"Prokinetic agent for treating nausea and dyspepsia.",medicines/tablet.png,10mg,"1 strip x 10 tablets",10mg,"Renata Limited",25.00,30.00,498,0,1,"2026-06-12 20:18:44","2026-06-12 20:26:26"
98,Omidon,Domperidone,omidon,"Anti-emetic and gastroprokinetic stimulant.",medicines/tablet.png,10mg,"1 strip x 10 tablets",10mg,"Aci Limited",24.00,30.00,958,0,1,"2026-06-12 20:18:44","2026-06-12 20:26:26"
99,Ondasan,Ondansetron,ondasan,"Serotonin 5-HT3 antagonist for chemo/post-op nausea.",medicines/tablet.png,8mg,"1 strip x 10 tablets",8mg,"Eskayef Pharmaceuticals Ltd.",62.00,75.00,1456,1,1,"2026-06-12 20:18:44","2026-06-12 20:26:26"
100,Emistat,Ondansetron,emistat,"Anti-emetic for severe vomiting control.",medicines/tablet.png,8mg,"1 strip x 10 tablets",8mg,"Aristopharma Ltd.",64.00,75.00,502,1,1,"2026-06-12 20:18:44","2026-06-12 20:26:26"
101,Vergon,Cinnarizine,vergon,"Peripheral vasodilator and anti-vertigo medication.",medicines/tablet.png,25mg,"1 strip x 10 tablets",25mg,"Drug International Ltd.",18.00,22.00,326,0,1,"2026-06-12 20:18:44","2026-06-12 20:26:26"
102,Cinaron,Cinnarizine,cinaron,"Cerebral circulatory disorder and labyrinthine treatment.",medicines/tablet.png,75mg,"1 strip x 10 tablets",75mg,"Radiant Pharmaceuticals Ltd.",35.00,42.00,783,0,1,"2026-06-12 20:18:44","2026-06-12 20:26:26"
103,Serc,"Betahistine Dihydrochloride",serc,"Meniere's disease and inner ear pressure treatment.",medicines/tablet.png,16mg,"1 strip x 10 tablets",16mg,"Popular Pharmaceuticals Ltd.",95.00,110.00,343,1,1,"2026-06-12 20:18:44","2026-06-12 20:26:26"
104,Betaserc,"Betahistine Dihydrochloride",betaserc,"Premium vestibular system regulator.",medicines/tablet.png,8mg,"1 strip x 10 tablets",8mg,"Beacon Pharmaceuticals PLC",60.00,70.00,908,1,1,"2026-06-12 20:18:44","2026-06-12 20:26:26"
105,Sedil,Diazepam,sedil,"Benzodiazepine for anxiety, muscle spasm and seizures.",medicines/tablet.png,5mg,"1 strip x 10 tablets",5mg,"Healthcare Pharmaceuticals Ltd.",10.00,12.00,383,1,1,"2026-06-12 20:18:44","2026-06-12 20:26:26"
106,Easium,Diazepam,easium,"Controlled tranquilizer for acute anxiety states.",medicines/tablet.png,5mg,"1 strip x 10 tablets",5mg,"Beximco Pharmaceuticals Ltd.",11.00,13.00,1098,1,1,"2026-06-12 20:18:44","2026-06-12 20:26:26"
107,Myolax,"Tolperisone Hydrochloride",myolax,"Centrally acting muscle relaxant without sedation.",medicines/tablet.png,50mg,"1 strip x 10 tablets",50mg,"Square Pharmaceuticals PLC",40.00,48.00,835,1,1,"2026-06-12 20:18:44","2026-06-12 20:26:26"
108,Flexibac,Baclofen,flexibac,"Muscle relaxant for severe muscle spasticity.",medicines/tablet.png,10mg,"1 strip x 10 tablets",10mg,"Incepta Pharmaceuticals Ltd.",85.00,100.00,1421,1,1,"2026-06-12 20:18:44","2026-06-12 20:26:26"
109,Bakloflex,Baclofen,bakloflex,"GABA-derivative central muscle spasmolytic.",medicines/tablet.png,5mg,"1 strip x 10 tablets",5mg,"Opsonin Pharma Ltd.",46.00,55.00,876,1,1,"2026-06-12 20:18:44","2026-06-12 20:26:26"
110,Disopan,Bromazepam,disopan,"Anxiolytic for psychoneurotic states.",medicines/tablet.png,3mg,"1 strip x 10 tablets",3mg,"Renata Limited",42.00,50.00,316,1,1,"2026-06-12 20:18:44","2026-06-12 20:26:26"
111,Laxyl,Bromazepam,laxyl,"Symptomatic treatment of severe tension and anxiety.",medicines/tablet.png,3mg,"1 strip x 10 tablets",3mg,"Aci Limited",43.00,50.00,926,1,1,"2026-06-12 20:18:44","2026-06-12 20:26:26"
112,Frisium,Clobazam,frisium,"Adjunctive therapy in epilepsy and cluster seizures.",medicines/tablet.png,10mg,"1 strip x 10 tablets",10mg,"Eskayef Pharmaceuticals Ltd.",95.00,110.00,1056,1,1,"2026-06-12 20:18:44","2026-06-12 20:26:26"
113,Cloba,Clobazam,cloba,"Anticonvulsant and muscle relaxant properties.",medicines/tablet.png,10mg,"1 strip x 10 tablets",10mg,"Aristopharma Ltd.",80.00,95.00,1112,1,1,"2026-06-12 20:18:44","2026-06-12 20:26:26"
114,Epilout,"Sodium Valproate",epilout,"Broad-spectrum antiepileptic drug.",medicines/tablet.png,200mg,"1 strip x 10 tablets",200mg,"Drug International Ltd.",75.00,90.00,1218,1,1,"2026-06-12 20:18:44","2026-06-12 20:26:26"
115,Torax,"Ketorolac Tromethamine",torax,"Potent systemic NSAID for short-term acute pain.",medicines/tablet.png,10mg,"1 strip x 10 tablets",10mg,"Radiant Pharmaceuticals Ltd.",85.00,100.00,1238,1,1,"2026-06-12 20:18:44","2026-06-12 20:26:26"
116,Rolac,"Ketorolac Tromethamine",rolac,"Injectable-strength oral NSAID for severe trauma pain.",medicines/tablet.png,10mg,"1 strip x 10 tablets",10mg,"Popular Pharmaceuticals Ltd.",86.00,100.00,1467,1,1,"2026-06-12 20:18:44","2026-06-12 20:26:26"
117,Ketorol,"Ketorolac Tromethamine",ketorol,"Management of moderate to severe post-surgical pain.",medicines/tablet.png,10mg,"1 strip x 10 tablets",10mg,"Beacon Pharmaceuticals PLC",84.00,100.00,1276,1,1,"2026-06-12 20:18:44","2026-06-12 20:26:26"
118,Tryptin,"Amitriptyline HCl",tryptin,"Low dose formulation for tension headaches and sleep promotion.",medicines/tablet.png,10mg,"1 strip x 10 tablets",10mg,"Beximco Pharmaceuticals Ltd.",10.00,12.00,1011,1,1,"2026-06-12 20:18:44","2026-06-12 20:26:26"
119,Prodep,Fluoxetine,prodep,"SSRI for major depressive disorders and OCD.",medicines/capsule.png,20mg,"1 strip x 10 capsules",20mg,"Square Pharmaceuticals PLC",35.00,42.00,1130,1,1,"2026-06-12 20:18:44","2026-06-12 20:26:26"
120,Seronil,Fluoxetine,seronil,"Selective serotonin reuptake inhibitor.",medicines/capsule.png,20mg,"1 strip x 10 capsules",20mg,"Incepta Pharmaceuticals Ltd.",36.00,42.00,679,1,1,"2026-06-12 20:18:44","2026-06-12 20:26:26"
121,Zoloft,Sertraline,zoloft,"Premium antidepressant for panic and social anxiety.",medicines/tablet.png,50mg,"1 strip x 10 tablets",50mg,"Opsonin Pharma Ltd.",180.00,210.00,807,1,1,"2026-06-12 20:18:44","2026-06-12 20:26:26"
122,Sertra,Sertraline,sertra,"SSRI for long term emotional stabilizer therapy.",medicines/tablet.png,50mg,"1 strip x 10 tablets",50mg,"Renata Limited",105.00,120.00,1157,1,1,"2026-06-12 20:18:44","2026-06-12 20:26:26"
123,Rivotril,Clonazepam,rivotril,"Maximum dosage for refractory status epilepticus control.",medicines/tablet.png,2mg,"1 strip x 10 tablets",2mg,"Eskayef Pharmaceuticals Ltd.",105.00,120.00,1440,1,1,"2026-06-12 20:18:44","2026-06-12 20:26:26"
124,Denixil,Clonazepam,denixil,"Anxiolytic and panic disorder management tool.",medicines/tablet.png,0.5mg,"1 strip x 10 tablets",0.5mg,"Aristopharma Ltd.",50.00,60.00,1231,1,1,"2026-06-12 20:18:44","2026-06-12 20:26:26"
125,Clon-A,Clonazepam,clon-a,"Anticonvulsant and sedation inducing agent.",medicines/tablet.png,0.5mg,"1 strip x 10 tablets",0.5mg,"Drug International Ltd.",48.00,60.00,1093,1,1,"2026-06-12 20:18:44","2026-06-12 20:26:26"
126,Pase,Clonazepam,pase,"Central nervous system dampener for generalized anxiety.",medicines/tablet.png,1mg,"1 strip x 10 tablets",1mg,"Radiant Pharmaceuticals Ltd.",72.00,85.00,662,1,1,"2026-06-12 20:18:44","2026-06-12 20:26:26"
127,Zolam,Alprazolam,zolam,"Short acting anxiolytic for situational panic disorder.",medicines/tablet.png,0.5mg,"1 strip x 10 tablets",0.5mg,"Popular Pharmaceuticals Ltd.",52.00,62.00,845,1,1,"2026-06-12 20:18:44","2026-06-12 20:26:26"
128,Xanax,Alprazolam,xanax,"High quality fast relief targeted benzodiazepine.",medicines/tablet.png,0.25mg,"1 strip x 10 tablets",0.25mg,"Beacon Pharmaceuticals PLC",45.00,55.00,664,1,1,"2026-06-12 20:18:44","2026-06-12 20:26:26"
129,Alprax,Alprazolam,alprax,"Anxiety management and sleep initiation support.",medicines/tablet.png,0.5mg,"1 strip x 10 tablets",0.5mg,"Healthcare Pharmaceuticals Ltd.",50.00,62.00,396,1,1,"2026-06-12 20:18:44","2026-06-12 20:26:26"
130,Hypnocum,Midazolam,hypnocum,"Ultra-short acting benzodiazepine for pre-anesthesia sedation.",medicines/tablet.png,7.5mg,"1 strip x 10 tablets",7.5mg,"Beximco Pharmaceuticals Ltd.",70.00,85.00,828,1,1,"2026-06-12 20:18:44","2026-06-12 20:26:26"
131,Dormicum,Midazolam,dormicum,"Surgical grade procedural sedative tablet.",medicines/tablet.png,15mg,"1 strip x 10 tablets",15mg,"Square Pharmaceuticals PLC",135.00,160.00,1480,1,1,"2026-06-12 20:18:44","2026-06-12 20:26:26"
132,Imovane,Zopiclone,imovane,"Non-benzodiazepine hypnotic for chronic insomnia.",medicines/tablet.png,7.5mg,"1 strip x 10 tablets",7.5mg,"Incepta Pharmaceuticals Ltd.",85.00,100.00,589,1,1,"2026-06-12 20:18:44","2026-06-12 20:26:26"
133,Zopilone,Zopiclone,zopilone,"Sleep induction aid reducing midnight awakenings.",medicines/tablet.png,7.5mg,"1 strip x 10 tablets",7.5mg,"Opsonin Pharma Ltd.",75.00,90.00,716,1,1,"2026-06-12 20:18:44","2026-06-12 20:26:26"
134,Solpidem,"Zolpidem Tartrate",solpidem,"Sedative-hypnotic targeting sleep centers precisely.",medicines/tablet.png,10mg,"1 strip x 10 tablets",10mg,"Renata Limited",70.00,85.00,1317,1,1,"2026-06-12 20:18:44","2026-06-12 20:26:26"
135,Zolpid,"Zolpidem Tartrate",zolpid,"Short-term management of sleep latency issues.",medicines/tablet.png,5mg,"1 strip x 10 tablets",5mg,"Aci Limited",42.00,50.00,1489,1,1,"2026-06-12 20:18:44","2026-06-12 20:26:26"
136,Gaviscon,"Sodium Alginate + Magnesium Carbonate",gaviscon,"Reflux barrier forming antacid suspension.",medicines/syrup.png,Standard,"1 Bottle x 200ml",Standard,"Eskayef Pharmaceuticals Ltd.",185.00,210.00,1278,0,1,"2026-06-12 20:18:44","2026-06-12 20:26:26"
137,Entacyd,"Aluminum Hydroxide + Magnesium Hydroxide",entacyd,"Classic chewable buffer antacid.",medicines/tablet.png,Standard,"1 strip x 10 tablets",Standard,"Aristopharma Ltd.",15.00,20.00,1138,0,1,"2026-06-12 20:18:44","2026-06-12 20:26:26"
138,"Flatameal DS","Simethicone + Antacid",flatameal-ds,"Double strength antiflatulent and hyperacidity relief.",medicines/tablet.png,Standard,"1 strip x 10 tablets",Standard,"Drug International Ltd.",22.00,28.00,1153,0,1,"2026-06-12 20:18:44","2026-06-12 20:26:26"
139,Mucogel,"Oxetacaine + Antacid",mucogel,"Local anesthetic antacid for painful mucosal ulcers.",medicines/syrup.png,Standard,"1 Bottle x 200ml",Standard,"Radiant Pharmaceuticals Ltd.",115.00,135.00,708,0,1,"2026-06-12 20:18:44","2026-06-12 20:26:26"
140,Avil,"Pheniramine Maleate",avil,"Antihistamine for severe drug eruptions and hives.",medicines/tablet.png,25mg,"1 strip x 10 tablets",25mg,"Popular Pharmaceuticals Ltd.",16.00,20.00,796,0,1,"2026-06-12 20:18:44","2026-06-12 20:26:26"
141,Phenergan,"Promethazine HCl",phenergan,"Sedative antihistamine with strong anti-emetic actions.",medicines/tablet.png,10mg,"1 strip x 10 tablets",10mg,"Beacon Pharmaceuticals PLC",12.00,15.00,536,0,1,"2026-06-12 20:18:44","2026-06-12 20:26:26"
142,Tusca,"Dextromethorphan + Guaiphenesin",tusca,"Antitussive and expectorant for dry racking cough.",medicines/syrup.png,Standard,"1 Bottle x 100ml",Standard,"Healthcare Pharmaceuticals Ltd.",68.00,80.00,464,0,1,"2026-06-12 20:18:44","2026-06-12 20:26:26"
143,Adryll,"Diphenhydramine HCl",adryll,"Sedative cough syrup for nighttime allergy relief.",medicines/syrup.png,Standard,"1 Bottle x 100ml",Standard,"Beximco Pharmaceuticals Ltd.",52.00,60.00,1469,0,1,"2026-06-12 20:18:44","2026-06-12 20:26:26"
144,Brozedex,"Bromhexine HCl + Menthol",brozedex,"Mucolytic cough syrup to liquify sticky sputum.",medicines/syrup.png,Standard,"1 Bottle x 100ml",Standard,"Square Pharmaceuticals PLC",58.00,70.00,807,0,1,"2026-06-12 20:18:44","2026-06-12 20:26:26"
145,Mucosolvan,"Ambroxol Hydrochloride",mucosolvan,"Systemic mucokinetic agent for productive airway disease.",medicines/tablet.png,30mg,"1 strip x 10 tablets",30mg,"Incepta Pharmaceuticals Ltd.",40.00,50.00,1341,0,1,"2026-06-12 20:18:44","2026-06-12 20:26:26"
146,Mirakof,"Butamirate Citrate",mirakof,"Centrally acting non-opioid dry cough suppressant.",medicines/tablet.png,50mg,"1 strip x 10 tablets",50mg,"Opsonin Pharma Ltd.",68.00,80.00,1211,0,1,"2026-06-12 20:18:44","2026-06-12 20:26:26"
147,Torecan,Thiethylperazine,torecan,"Central acting labyrinthine anti-emetic formulation.",medicines/tablet.png,6.5mg,"1 strip x 10 tablets",6.5mg,"Renata Limited",48.00,60.00,310,1,1,"2026-06-12 20:18:44","2026-06-12 20:26:26"
148,Dulcolax,Bisacodyl,dulcolax,"Contact stimulant laxative for acute constipation treatment.",medicines/tablet.png,5mg,"1 strip x 10 tablets",5mg,"Aci Limited",10.00,12.00,1417,0,1,"2026-06-12 20:18:44","2026-06-12 20:26:26"
149,Clear,"Sodium Picosulfate",clear,"Stimulant laxative acting directly on colon walls.",medicines/tablet.png,10mg,"1 strip x 10 tablets",10mg,"Eskayef Pharmaceuticals Ltd.",38.00,45.00,1438,0,1,"2026-06-12 20:18:44","2026-06-12 20:26:26"
150,Avilax,Lactulose,avilax,"Osmotic laxative also used in hepatic encephalopathy management.",medicines/syrup.png,Standard,"1 Bottle x 200ml",Standard,"Aristopharma Ltd.",170.00,200.00,449,0,1,"2026-06-12 20:18:44","2026-06-12 20:26:26"
151,Osmolax,Lactulose,osmolax,"Gentle long-term pediatric and geriatric laxative solution.",medicines/syrup.png,Standard,"1 Bottle x 100ml",Standard,"Drug International Ltd.",95.00,115.00,1282,0,1,"2026-06-12 20:18:44","2026-06-12 20:26:26"
152,"Orsaline N","Oral Rehydration Salts (ORS)",orsaline-n,"WHO formulation salt mix for hydration tracking.",medicines/tablet.png,Standard,"1 Box x 20 Sachets",Standard,"Radiant Pharmaceuticals Ltd.",100.00,120.00,1419,0,1,"2026-06-12 20:18:44","2026-06-12 20:26:26"
153,"SMC ORS Moni","Oral Rehydration Salts (Fruity)",smc-ors-moni,"Electrolyte replenishment powder mix with taste optimization.",medicines/tablet.png,Standard,"1 Box x 20 Sachets",Standard,"Popular Pharmaceuticals Ltd.",110.00,130.00,1485,0,1,"2026-06-12 20:18:44","2026-06-12 20:26:26"
154,Vermox,Mebendazole,vermox,"Broad spectrum anthelmintic for pinworms and roundworms.",medicines/tablet.png,100mg,"1 strip x 6 tablets",100mg,"Beacon Pharmaceuticals PLC",25.00,32.00,1213,0,1,"2026-06-12 20:18:44","2026-06-12 20:26:26"
155,Alben,Albendazole,alben,"Single dose anti-parasitic worm eradication compound.",medicines/tablet.png,400mg,"1 strip x 2 tablets",400mg,"Healthcare Pharmaceuticals Ltd.",16.00,20.00,1459,0,1,"2026-06-12 20:18:44","2026-06-12 20:26:26"
156,Solas,Albendazole,solas,"Systemic single dose chewable anthelmintic.",medicines/tablet.png,400mg,"1 strip x 1 tablet",400mg,"Beximco Pharmaceuticals Ltd.",8.00,10.00,351,0,1,"2026-06-12 20:18:44","2026-06-12 20:26:26"
157,Scabo,Ivermectin,scabo,"Oral ectoparasiticide targeting scabies infestation.",medicines/tablet.png,6mg,"1 strip x 4 tablets",6mg,"Square Pharmaceuticals PLC",40.00,50.00,401,1,1,"2026-06-12 20:18:44","2026-06-12 20:26:26"
158,Zantac,"Ranitidine HCl",zantac,"Histamine H2 receptor antagonist for baseline acid safety.",medicines/tablet.png,150mg,"1 strip x 10 tablets",150mg,"Incepta Pharmaceuticals Ltd.",25.00,30.00,1171,0,1,"2026-06-12 20:18:44","2026-06-12 20:26:26"
159,"Neoceptin R","Ranitidine HCl",neoceptin-r,"Alternative H2 blocker supporting critical gastric barriers.",medicines/tablet.png,150mg,"1 strip x 10 tablets",150mg,"Opsonin Pharma Ltd.",24.00,30.00,979,0,1,"2026-06-12 20:18:44","2026-06-12 20:26:26"
160,Famotack,Famotidine,famotack,"High potency H2 antagonist with long acid control duration.",medicines/tablet.png,20mg,"1 strip x 10 tablets",20mg,"Renata Limited",35.00,42.00,1184,0,1,"2026-06-12 20:18:44","2026-06-12 20:26:26"
161,Doxiva,Doxofylline,doxiva,"Xanthine bronchodilator for COPD with lower cardiac toxicity.",medicines/tablet.png,400mg,"1 strip x 10 tablets",400mg,"Aci Limited",72.00,85.00,979,1,1,"2026-06-12 20:18:44","2026-06-12 20:26:26"
162,Pulmoxen,Doxofylline,pulmoxen,"Anti-asthmatic bronchodilator supporting airway optimization.",medicines/tablet.png,400mg,"1 strip x 10 tablets",400mg,"Eskayef Pharmaceuticals Ltd.",70.00,85.00,495,1,1,"2026-06-12 20:18:44","2026-06-12 20:26:26"
163,Frisocough,Levodropropizine,frisocough,"Peripheral cough suppressant targeting airway nerves directly.",medicines/tablet.png,60mg,"1 strip x 10 tablets",60mg,"Aristopharma Ltd.",60.00,70.00,569,0,1,"2026-06-12 20:18:44","2026-06-12 20:26:26"
164,Ketotif,"Ketotifen Fumarate",ketotif,"Mast cell stabilizer preventing chronic pediatric asthma cycles.",medicines/tablet.png,1mg,"1 strip x 10 tablets",1mg,"Drug International Ltd.",22.00,28.00,1090,0,1,"2026-06-12 20:18:44","2026-06-12 20:26:26"
165,Tofen,"Ketotifen Fumarate",tofen,"Prophylactic antihistamine for systemic allergy prevention.",medicines/tablet.png,1mg,"1 strip x 10 tablets",1mg,"Radiant Pharmaceuticals Ltd.",20.00,28.00,1298,0,1,"2026-06-12 20:18:44","2026-06-12 20:26:26"
166,Deriphyllin,"Etofylline + Theophylline",deriphyllin,"Classic combination bronchodilator for emergency asthmatic states.",medicines/tablet.png,Standard,"1 strip x 10 tablets",Standard,"Popular Pharmaceuticals Ltd.",12.00,15.00,1222,1,1,"2026-06-12 20:18:44","2026-06-12 20:26:26"
167,Thyrox,"Levothyroxine Sodium",thyrox,"Thyroid hormone replacement therapy for hypothyroidism.",medicines/tablet.png,50mcg,"1 Bottle x 100 tablets",50mcg,"Beacon Pharmaceuticals PLC",160.00,190.00,1054,1,1,"2026-06-12 20:18:44","2026-06-12 20:26:26"
168,Thyrin,"Levothyroxine Sodium",thyrin,"Synthetic T4 hormone compound for endocrine calibration.",medicines/tablet.png,25mcg,"1 Bottle x 50 tablets",25mcg,"Healthcare Pharmaceuticals Ltd.",90.00,110.00,317,1,1,"2026-06-12 20:18:44","2026-06-12 20:26:26"
169,Eltroxin,"Levothyroxine Sodium",eltroxin,"Premium synthetic thyroid hormone baseline balancer.",medicines/tablet.png,50mcg,"1 Bottle x 100 tablets",50mcg,"Beximco Pharmaceuticals Ltd.",180.00,210.00,849,1,1,"2026-06-12 20:18:44","2026-06-12 20:26:26"
170,Cabolin,Cabergoline,cabolin,"Dopamine receptor agonist suppressing hyperprolactinemia states.",medicines/tablet.png,0.5mg,"1 strip x 4 tablets",0.5mg,"Square Pharmaceuticals PLC",320.00,380.00,1312,1,1,"2026-06-12 20:18:44","2026-06-12 20:26:26"
171,Dostinex,Cabergoline,dostinex,"High-tier endocrine modifier targeting prolactin oversecretion.",medicines/tablet.png,0.5mg,"1 strip x 2 tablets",0.5mg,"Incepta Pharmaceuticals Ltd.",200.00,240.00,803,1,1,"2026-06-12 20:18:44","2026-06-12 20:26:26"
172,Prednisone,Prednisolone,prednisone,"Glucocorticoid immunosuppressant for acute inflammatory flare-ups.",medicines/tablet.png,5mg,"1 strip x 10 tablets",5mg,"Opsonin Pharma Ltd.",15.00,20.00,1311,1,1,"2026-06-12 20:18:44","2026-06-12 20:26:26"
173,Cortan,Prednisolone,cortan,"Systemic corticosteroid for rheumatologic control.",medicines/tablet.png,10mg,"1 strip x 10 tablets",10mg,"Renata Limited",26.00,32.00,878,1,1,"2026-06-12 20:18:44","2026-06-12 20:26:26"
174,Deltason,Prednisolone,deltason,"Broad-spectrum immune downregulator compound.",medicines/tablet.png,20mg,"1 strip x 10 tablets",20mg,"Aci Limited",45.00,55.00,1164,1,1,"2026-06-12 20:18:44","2026-06-12 20:26:26"
175,Dexameth,Dexamethasone,dexameth,"Highly potent anti-inflammatory corticosteroid formulation.",medicines/tablet.png,0.5mg,"1 strip x 10 tablets",0.5mg,"Eskayef Pharmaceuticals Ltd.",10.00,14.00,1235,1,1,"2026-06-12 20:18:44","2026-06-12 20:26:26"
176,Oradexon,Dexamethasone,oradexon,"Classic critical steroid supporting shock and edema suppression.",medicines/tablet.png,0.5mg,"1 strip x 10 tablets",0.5mg,"Aristopharma Ltd.",11.00,14.00,927,1,1,"2026-06-12 20:18:44","2026-06-12 20:26:26"
177,Deflazacort,Deflazacort,deflazacort,"Bone-sparing corticosteroid for muscular dystrophy and arthritis.",medicines/tablet.png,6mg,"1 strip x 10 tablets",6mg,"Drug International Ltd.",105.00,130.00,687,1,1,"2026-06-12 20:18:44","2026-06-12 20:26:26"
178,Deflaza,Deflazacort,deflaza,"Alternative safer profile systemic corticosteroid compound.",medicines/tablet.png,12mg,"1 strip x 10 tablets",12mg,"Radiant Pharmaceuticals Ltd.",185.00,220.00,1113,1,1,"2026-06-12 20:18:44","2026-06-12 20:26:26"
179,Progyluton,"Estradiol + Norgestrel",progyluton,"Hormone replacement therapy for menstrual cycle regularization.",medicines/tablet.png,Standard,"1 Pack x 21 tablets",Standard,"Popular Pharmaceuticals Ltd.",260.00,310.00,572,1,1,"2026-06-12 20:18:44","2026-06-12 20:26:26"
180,Femoston,"Estradiol + Dydrogesterone",femoston,"Sequential combo HRT for postmenopausal symptoms control.",medicines/tablet.png,1mg/10mg,"1 Pack x 28 tablets",1mg/10mg,"Beacon Pharmaceuticals PLC",620.00,700.00,484,1,1,"2026-06-12 20:18:44","2026-06-12 20:26:26"
181,Climen,"Estradiol + Cyproterone",climen,"Anti-androgenic hormone replacement option.",medicines/tablet.png,Standard,"1 Pack x 21 tablets",Standard,"Healthcare Pharmaceuticals Ltd.",380.00,440.00,827,1,1,"2026-06-12 20:18:44","2026-06-12 20:26:26"
182,Duphaston,Dydrogesterone,duphaston,"Synthetic progesterone for threatened abortion management.",medicines/tablet.png,10mg,"1 strip x 10 tablets",10mg,"Beximco Pharmaceuticals Ltd.",420.00,480.00,332,1,1,"2026-06-12 20:18:44","2026-06-12 20:26:26"
183,Geston,Allylestrenol,geston,"Trophotropic hormone compound preserving premature pregnancies.",medicines/tablet.png,5mg,"1 strip x 10 tablets",5mg,"Square Pharmaceuticals PLC",105.00,130.00,869,1,1,"2026-06-12 20:18:44","2026-06-12 20:26:26"
184,Urokit,"Potassium Citrate",urokit,"Urinary alkalinizer preventing calcium oxalate crystallization.",medicines/tablet.png,10mEq,"1 strip x 10 tablets",10mEq,"Incepta Pharmaceuticals Ltd.",80.00,100.00,708,1,1,"2026-06-12 20:18:44","2026-06-12 20:26:26"
185,Alkamix,"Potassium Citrate mix",alkamix,"Systemic liquid formulation resolving burning micturition.",medicines/syrup.png,Standard,"1 Bottle x 200ml",Standard,"Opsonin Pharma Ltd.",130.00,150.00,768,0,1,"2026-06-12 20:18:44","2026-06-12 20:26:26"
186,Cranbi,"Cranberry Extract",cranbi,"Nutraceutical preventing bacterial adhesion in bladder walls.",medicines/capsule.png,Standard,"1 strip x 10 capsules",Standard,"Renata Limited",160.00,200.00,543,0,1,"2026-06-12 20:18:44","2026-06-12 20:26:26"
187,Uromax,"Tamsulosin HCl",uromax,"Alpha-1 blocker treating benign prostatic hyperplasia (BPH).",medicines/capsule.png,0.4mg,"1 strip x 10 capsules",0.4mg,"Aci Limited",125.00,150.00,1240,1,1,"2026-06-12 20:18:44","2026-06-12 20:26:26"
188,Prostacin,"Tamsulosin HCl",prostacin,"Selective dynamic tracking prostatic smooth muscle relaxant.",medicines/capsule.png,0.4mg,"1 strip x 10 capsules",0.4mg,"Eskayef Pharmaceuticals Ltd.",120.00,150.00,659,1,1,"2026-06-12 20:18:44","2026-06-12 20:26:26"
189,Finastar,Finasteride,finastar,"5-alpha reductase inhibitor reducing mechanical prostate volume.",medicines/tablet.png,5mg,"1 strip x 10 tablets",5mg,"Aristopharma Ltd.",102.00,120.00,1049,1,1,"2026-06-12 20:18:44","2026-06-12 20:26:26"
190,Proscar,Finasteride,proscar,"Premium anti-androgen profiling dynamic prostate shrinkage.",medicines/tablet.png,5mg,"1 strip x 10 tablets",5mg,"Drug International Ltd.",145.00,170.00,1086,1,1,"2026-06-12 20:18:44","2026-06-12 20:26:26"
191,Dutaster,Dutasteride,dutaster,"Dual mechanism 5-alpha reductase suppression tool.",medicines/capsule.png,0.5mg,"1 strip x 10 capsules",0.5mg,"Radiant Pharmaceuticals Ltd.",135.00,160.00,585,1,1,"2026-06-12 20:18:44","2026-06-12 20:26:26"
192,Viagra,"Sildenafil Citrate",viagra,"PDE5 inhibitor compound managing erectile dysfunction pathologies.",medicines/tablet.png,50mg,"1 strip x 4 tablets",50mg,"Popular Pharmaceuticals Ltd.",120.00,160.00,782,1,1,"2026-06-12 20:18:44","2026-06-12 20:26:26"
193,Egra,"Sildenafil Citrate",egra,"Local classic formulation tracking corpus cavernosum perfusion.",medicines/tablet.png,100mg,"1 strip x 4 tablets",100mg,"Beacon Pharmaceuticals PLC",180.00,220.00,637,1,1,"2026-06-12 20:18:44","2026-06-12 20:26:26"
194,Cialis,Tadalafil,cialis,"Long acting extended therapeutic window PDE5 modulator.",medicines/tablet.png,20mg,"1 strip x 4 tablets",20mg,"Healthcare Pharmaceuticals Ltd.",240.00,300.00,463,1,1,"2026-06-12 20:18:44","2026-06-12 20:26:26"
195,Ziflox,Tadalafil,ziflox,"Continuous tracking low dose endothelial support tool.",medicines/tablet.png,5mg,"1 strip x 10 tablets",5mg,"Beximco Pharmaceuticals Ltd.",130.00,160.00,1450,1,1,"2026-06-12 20:18:44","2026-06-12 20:26:26"
196,"Livolin Forte","Phospholipids + Vitamins",livolin-forte,"Hepatoprotective agent tracking liver regeneration pathways.",medicines/capsule.png,Standard,"1 strip x 10 capsules",Standard,"Square Pharmaceuticals PLC",210.00,250.00,1233,0,1,"2026-06-12 20:18:44","2026-06-12 20:26:26"
197,Hepavir,"Tenofovir Disoproxil",hepavir,"Nucleotide reverse transcriptase inhibitor for Chronic Hepatitis B.",medicines/tablet.png,300mg,"1 Bottle x 30 tablets",300mg,"Incepta Pharmaceuticals Ltd.",1100.00,1300.00,1337,1,1,"2026-06-12 20:18:44","2026-06-12 20:26:26"
198,Entavir,Entecavir,entavir,"Guanosine nucleoside analogue suppressing HBV DNA replication.",medicines/tablet.png,0.5mg,"1 strip x 10 tablets",0.5mg,"Opsonin Pharma Ltd.",260.00,300.00,765,1,1,"2026-06-12 20:18:44","2026-06-12 20:26:26"
199,Purge,"Polyethylene Glycol",purge,"Whole bowel irrigation solution mix for colonoscopy prep.",medicines/tablet.png,Standard,"1 Sachet",Standard,"Renata Limited",55.00,65.00,1257,1,1,"2026-06-12 20:18:44","2026-06-12 20:26:26"
200,Prucal,Prucalopride,prucal,"High affinity 5-HT4 agonist restoring chronic colon motility.",medicines/tablet.png,2mg,"1 strip x 10 tablets",2mg,"Aci Limited",190.00,230.00,741,1,1,"2026-06-12 20:18:44","2026-06-12 20:26:26"
201,Normanal,"Diosmin + Hesperidin",normanal,"Vascular stabilizing flavonoid compound treating acute hemorrhoids.",medicines/tablet.png,500mg,"1 strip x 10 tablets",500mg,"Eskayef Pharmaceuticals Ltd.",105.00,130.00,1470,0,1,"2026-06-12 20:18:44","2026-06-12 20:26:26"
202,Phlebodia,Diosmin,phlebodia,"Highly purified phlebotonic reducing capillary fragility lines.",medicines/tablet.png,600mg,"1 strip x 15 tablets",600mg,"Aristopharma Ltd.",260.00,300.00,671,0,1,"2026-06-12 20:18:44","2026-06-12 20:26:26"
203,Anusol,"Zinc Oxide mix",anusol,"Symptomatic rectal soothing suppository for fissures.",medicines/tablet.png,Standard,"1 Box x 10 suppositories",Standard,"Drug International Ltd.",80.00,100.00,629,0,1,"2026-06-12 20:18:44","2026-06-12 20:26:26"
204,Proctosedyl,"Hydrocortisone + Cinchocaine",proctosedyl,"Anesthetic anti-inflammatory compound targeting local piles pain.",medicines/ointment.png,Standard,"1 Tube x 15g",Standard,"Radiant Pharmaceuticals Ltd.",140.00,170.00,704,1,1,"2026-06-12 20:18:44","2026-06-12 20:26:26"
205,"Disposable Syringe 5cc","Medical Supplies",disposable-syringe-5cc,"Sterile 3-part medical single use syringe with needle.",medicines/syrup.png,5ml,"1 Box x 100 pcs",5ml,"Hospital Supply Division",450.00,600.00,195,0,1,"2026-06-12 20:18:44","2026-06-12 20:26:26"
206,"Disposable Syringe 10cc","Medical Supplies",disposable-syringe-10cc,"Sterile high safety diagnostic and injection barrel.",medicines/syrup.png,10ml,"1 Box x 50 pcs",10ml,"Hospital Supply Division",320.00,400.00,255,0,1,"2026-06-12 20:18:44","2026-06-12 20:26:26"
207,"Disposable Syringe 3cc","Medical Supplies",disposable-syringe-3cc,"Precision small volume administration syringe.",medicines/syrup.png,3ml,"1 Box x 100 pcs",3ml,"Hospital Supply Division",420.00,550.00,472,0,1,"2026-06-12 20:18:44","2026-06-12 20:26:26"
208,"Insulin Syringe U-100","Medical Supplies",insulin-syringe-u-100,"Fixed ultra-fine needle syringe tracking precise units.",medicines/syrup.png,1ml,"1 Box x 100 pcs",1ml,"Hospital Supply Division",750.00,900.00,231,0,1,"2026-06-12 20:18:44","2026-06-12 20:26:26"
209,"Infusion Set","Medical Supplies",infusion-set,"Intravenous fluid delivery lines with fluid regulators.",medicines/tablet.png,Standard,"1 Box x 50 pcs",Standard,"Hospital Supply Division",850.00,1100.00,143,0,1,"2026-06-12 20:18:44","2026-06-12 20:26:26"
210,"Butterfly Needle 23G","Medical Supplies",butterfly-needle-23g,"Winged infusion system tracking difficult venous access points.",medicines/tablet.png,23G,"1 Box x 100 pcs",23G,"Hospital Supply Division",1100.00,1400.00,456,0,1,"2026-06-12 20:18:44","2026-06-12 20:26:27"
211,"IV Cannula 20G","Medical Supplies",iv-cannula-20g,"Pink color code hub peripheral intravenous line port.",medicines/tablet.png,20G,"1 Box x 50 pcs",20G,"Hospital Supply Division",1200.00,1500.00,454,0,1,"2026-06-12 20:18:44","2026-06-12 20:26:27"
212,"IV Cannula 22G","Medical Supplies",iv-cannula-22g,"Blue standard pediatric/geriatric IV fluid access pipeline.",medicines/tablet.png,22G,"1 Box x 50 pcs",22G,"Hospital Supply Division",1200.00,1500.00,402,0,1,"2026-06-12 20:18:44","2026-06-12 20:26:27"
213,"IV Cannula 24G","Medical Supplies",iv-cannula-24g,"Yellow neonate critical care intravenous pathway cannula.",medicines/tablet.png,24G,"1 Box x 50 pcs",24G,"Hospital Supply Division",1400.00,1750.00,439,0,1,"2026-06-12 20:18:44","2026-06-12 20:26:27"
214,"First Aid Bandage","Wound Care",first-aid-bandage,"Antiseptic medicated quick seal strip dressings.",medicines/tablet.png,Standard,"1 Box x 100 pcs",Standard,"Hospital Supply Division",80.00,120.00,239,0,1,"2026-06-12 20:18:44","2026-06-12 20:26:27"
215,"Micropore Tape 1 inch","Wound Care",micropore-tape-1-inch,"Hypoallergenic paper medical tape for secure skin fixation.",medicines/tablet.png,"1 inch","1 Box x 12 rolls","1 inch","Hospital Supply Division",480.00,600.00,472,0,1,"2026-06-12 20:18:44","2026-06-12 20:26:27"
216,"Micropore Tape 0.5 inch","Wound Care",micropore-tape-05-inch,"Narrow format delicate dressing anchoring surgical tape.",medicines/tablet.png,"0.5 inch","1 Box x 24 rolls","0.5 inch","Hospital Supply Division",480.00,600.00,451,0,1,"2026-06-12 20:18:44","2026-06-12 20:26:27"
217,"Leukoplast 2 inch","Wound Care",leukoplast-2-inch,"Heavy zinc oxide high tensile strength structural bandage tape.",medicines/tablet.png,"2 inch","1 Roll","2 inch","Hospital Supply Division",135.00,165.00,361,0,1,"2026-06-12 20:18:44","2026-06-12 20:26:27"
218,"Sterile Gauze Pad 4x4","Wound Care",sterile-gauze-pad-4x4,"Absorbent 12-ply individual sterile surgical gauze units.",medicines/tablet.png,"4x4 inch","1 Pack x 100 pcs","4x4 inch","Hospital Supply Division",380.00,500.00,434,0,1,"2026-06-12 20:18:44","2026-06-12 20:26:27"
219,"Sterile Gauze Pad 3x3","Wound Care",sterile-gauze-pad-3x3,"Medium trauma coverage mechanical cleaning matrix pad.",medicines/tablet.png,"3x3 inch","1 Pack x 100 pcs","3x3 inch","Hospital Supply Division",290.00,380.00,305,0,1,"2026-06-12 20:18:44","2026-06-12 20:26:27"
220,"Cotton Roll 500g","Wound Care",cotton-roll-500g,"Highly absorbent pure diagnostic grade raw medical cotton layer.",medicines/tablet.png,500g,"1 Roll",500g,"Hospital Supply Division",210.00,260.00,338,0,1,"2026-06-12 20:18:44","2026-06-12 20:26:27"
221,"Crepe Bandage 4 inch","Wound Care",crepe-bandage-4-inch,"Elastic orthopedic compression wrap managing joints sprains.",medicines/tablet.png,"4 inch","1 Roll","4 inch","Hospital Supply Division",75.00,95.00,260,0,1,"2026-06-12 20:18:44","2026-06-12 20:26:27"
222,"Crepe Bandage 6 inch","Wound Care",crepe-bandage-6-inch,"Wide configuration muscle strain wrapping elastic band.",medicines/tablet.png,"6 inch","1 Roll","6 inch","Hospital Supply Division",110.00,140.00,161,0,1,"2026-06-12 20:18:44","2026-06-12 20:26:27"
223,"Povidone Iodine Sol. 10%",Antiseptics,povidone-iodine-sol-10,"Broad spectrum topical surgical scrubbing germicide fluid.",medicines/syrup.png,10%,"1 Bottle x 100ml",10%,"Hospital Supply Division",85.00,100.00,500,0,1,"2026-06-12 20:18:44","2026-06-12 20:26:27"
224,"Povidone Iodine Sol. 10% Large",Antiseptics,povidone-iodine-sol-10-large,"OT preparation large volume topical disinfectant.",medicines/syrup.png,10%,"1 Bottle x 500ml",10%,"Hospital Supply Division",340.00,400.00,334,0,1,"2026-06-12 20:18:44","2026-06-12 20:26:27"
225,"Hexisol Hand Rub",Antiseptics,hexisol-hand-rub,"Chlorhexidine Gluconate instant surgical hand disinfection solution.",medicines/syrup.png,0.5%,"1 Bottle x 250ml",0.5%,"Hospital Supply Division",115.00,130.00,127,0,1,"2026-06-12 20:18:45","2026-06-12 20:26:27"
226,"Hexisol Hand Rub Large",Antiseptics,hexisol-hand-rub-large,"Ward wall-dispenser sizing professional germicidal rub.",medicines/syrup.png,0.5%,"1 Bottle x 500ml",0.5%,"Hospital Supply Division",195.00,220.00,257,0,1,"2026-06-12 20:18:45","2026-06-12 20:26:27"
227,"Hydrogen Peroxide 6%",Antiseptics,hydrogen-peroxide-6,"Oxidizing chemical debriding agent cleaning necrotic ulcers.",medicines/syrup.png,6%,"1 Bottle x 100ml",6%,"Hospital Supply Division",32.00,45.00,344,0,1,"2026-06-12 20:18:45","2026-06-12 20:26:27"
228,"Surgical Spirit",Antiseptics,surgical-spirit,"70% Isopropyl alcohol base skin preparation cleanser.",medicines/syrup.png,70%,"1 Bottle x 400ml",70%,"Hospital Supply Division",110.00,140.00,298,0,1,"2026-06-12 20:18:45","2026-06-12 20:26:27"
229,"Savlon Liquid Antiseptic",Antiseptics,savlon-liquid-antiseptic,"Classic chlorhexidine + cetrimide formulation multi-use concentrate.",medicines/syrup.png,Standard,"1 Bottle x 1L",Standard,"Hospital Supply Division",280.00,320.00,198,0,1,"2026-06-12 20:18:45","2026-06-12 20:26:27"
230,"Surgical Gloves Sterile 7.0","Medical Supplies",surgical-gloves-sterile-70,"Pre-powdered natural latex micro-textured operating gloves.",medicines/tablet.png,"Size 7.0","1 Box x 50 pairs","Size 7.0","Hospital Supply Division",1600.00,2000.00,432,0,1,"2026-06-12 20:18:45","2026-06-12 20:26:27"
231,"Surgical Gloves Sterile 7.5","Medical Supplies",surgical-gloves-sterile-75,"Optimal hand fitting ergonomic surgical barrier lines.",medicines/tablet.png,"Size 7.5","1 Box x 50 pairs","Size 7.5","Hospital Supply Division",1600.00,2000.00,116,0,1,"2026-06-12 20:18:45","2026-06-12 20:26:27"
232,"Examination Gloves Nitrile","Medical Supplies",examination-gloves-nitrile,"Powder-free latex allergy safe diagnostic blue gloves.",medicines/tablet.png,Medium,"1 Box x 100 pcs",Medium,"Hospital Supply Division",650.00,800.00,346,0,1,"2026-06-12 20:18:45","2026-06-12 20:26:27"
233,"Face Mask 3-Ply Loop","Medical Supplies",face-mask-3-ply-loop,"High melt-blown filtration index fluid resistant surgical mask.",medicines/tablet.png,Standard,"1 Box x 50 pcs",Standard,"Hospital Supply Division",100.00,150.00,130,0,1,"2026-06-12 20:18:45","2026-06-12 20:26:27"
234,"N95 Particulate Respirator","Medical Supplies",n95-particulate-respirator,"NIOSH certified high protection isolation ward respirators.",medicines/tablet.png,Standard,"1 Pack x 10 pcs",Standard,"Hospital Supply Division",650.00,800.00,185,0,1,"2026-06-12 20:18:45","2026-06-12 20:26:27"
235,"Foley Catheter 2-Way 16Fr","Medical Supplies",foley-catheter-2-way-16fr,"Sterile silicone coated latex retention urinary tracker lines.",medicines/tablet.png,16Fr,"1 Box x 10 pcs",16Fr,"Hospital Supply Division",950.00,1200.00,441,1,1,"2026-06-12 20:18:45","2026-06-12 20:26:27"
236,"Foley Catheter 2-Way 14Fr","Medical Supplies",foley-catheter-2-way-14fr,"Narrow profile dynamic bladder access tracking channel.",medicines/tablet.png,14Fr,"1 Box x 10 pcs",14Fr,"Hospital Supply Division",950.00,1200.00,325,1,1,"2026-06-12 20:18:45","2026-06-12 20:26:27"
237,"Urine Drainage Bag","Medical Supplies",urine-drainage-bag,"2000ml medical fluid collector line with anti-reflux valve system.",medicines/syrup.png,2000ml,"1 Box x 25 pcs",2000ml,"Hospital Supply Division",1100.00,1500.00,398,0,1,"2026-06-12 20:18:45","2026-06-12 20:26:27"
238,"Nasogastric Tube Fr16","Medical Supplies",nasogastric-tube-fr16,"Enteral nutritional feeding tube with radiopaque layout lines.",medicines/ointment.png,Fr16,"1 Box x 20 pcs",Fr16,"Hospital Supply Division",1400.00,1800.00,178,1,1,"2026-06-12 20:18:45","2026-06-12 20:26:27"
239,"Oxygen Mask Adult","Medical Supplies",oxygen-mask-adult,"High flow clear vinyl mask tracking oxygen concentrations.",medicines/tablet.png,Adult,"1 pc",Adult,"Hospital Supply Division",85.00,120.00,348,0,1,"2026-06-12 20:18:45","2026-06-12 20:26:27"
240,"Nasal Oxygen Cannula","Medical Supplies",nasal-oxygen-cannula,"Twin prong comfortable long term oxygen delivery line.",medicines/tablet.png,Standard,"1 pc",Standard,"Hospital Supply Division",45.00,70.00,330,0,1,"2026-06-12 20:18:45","2026-06-12 20:26:27"
241,"Nebulizer Kit Complete","Medical Supplies",nebulizer-kit-complete,"Medication cup aero-chamber tube lines with child/adult mask.",medicines/tablet.png,Universal,"1 Set",Universal,"Hospital Supply Division",160.00,220.00,298,0,1,"2026-06-12 20:18:45","2026-06-12 20:26:27"
242,"Surgical Blade No.11","Medical Supplies",surgical-blade-no11,"High carbon steel sharp stabbing incision blade elements.",medicines/tablet.png,No.11,"1 Box x 100 pcs",No.11,"Hospital Supply Division",650.00,850.00,383,1,1,"2026-06-12 20:18:45","2026-06-12 20:26:27"
243,"Surgical Blade No.15","Medical Supplies",surgical-blade-no15,"Small curved precision delicate tissue dissecting blades.",medicines/tablet.png,No.15,"1 Box x 100 pcs",No.15,"Hospital Supply Division",650.00,850.00,366,1,1,"2026-06-12 20:18:45","2026-06-12 20:26:27"
244,"Surgical Blade No.22","Medical Supplies",surgical-blade-no22,"Large skin incision skin surgical layout knife blade.",medicines/tablet.png,No.22,"1 Box x 100 pcs",No.22,"Hospital Supply Division",650.00,850.00,386,1,1,"2026-06-12 20:18:45","2026-06-12 20:26:27"
245,"Silk Suture 2-0",Sutures,silk-suture-2-0,"Non-absorbable braided black silk structural suture wires.",medicines/tablet.png,2-0,"1 Box x 12 foils",2-0,"Hospital Supply Division",1100.00,1400.00,166,1,1,"2026-06-12 20:18:45","2026-06-12 20:26:27"
246,"Vicryl Suture 1-0",Sutures,vicryl-suture-1-0,"Absorbable synthetic braided polyglactin muscle closure line.",medicines/tablet.png,1-0,"1 Box x 12 foils",1-0,"Hospital Supply Division",3800.00,4400.00,115,1,1,"2026-06-12 20:18:45","2026-06-12 20:26:27"
247,"Prolene Suture 3-0",Sutures,prolene-suture-3-0,"Monofilament polypropylene smooth cardiovascular suture strand.",medicines/tablet.png,3-0,"1 Box x 12 foils",3-0,"Hospital Supply Division",3200.00,3800.00,207,1,1,"2026-06-12 20:18:45","2026-06-12 20:26:27"
248,"Blood Bag Single","Medical Supplies",blood-bag-single,"CPDA-1 anticoagulant blood collection unit with needle.",medicines/syrup.png,450ml,"1 Box x 10 pcs",450ml,"Hospital Supply Division",1350.00,1700.00,116,1,1,"2026-06-12 20:18:45","2026-06-12 20:26:27"
249,Moxaclav,"Amoxicillin + Clavulanic Acid",moxaclav,"Co-amoxiclav beta-lactamase inhibitor antibiotic mix.",medicines/tablet.png,625mg,"1 strip x 6 tablets",625mg,"Beximco Pharmaceuticals Ltd.",220.00,260.00,1041,1,1,"2026-06-12 20:18:45","2026-06-12 20:26:27"
250,Flemoclav,"Amoxicillin + Clavulanic Acid",flemoclav,"Advanced dynamic antibiotic shield against resistant strains.",medicines/tablet.png,1g,"1 strip x 4 tablets",1g,"Square Pharmaceuticals PLC",180.00,210.00,322,1,1,"2026-06-12 20:18:45","2026-06-12 20:26:27"
251,Flugal,Fluconazole,flugal,"Systemic antifungal treating candidiasis infections.",medicines/tablet.png,150mg,"1 strip x 2 tablets",150mg,"Incepta Pharmaceuticals Ltd.",25.00,30.00,1130,0,1,"2026-06-12 20:18:45","2026-06-12 20:26:27"
252,Lucan,Fluconazole,lucan,"Broad spectrum triazole antifungal treatment module.",medicines/tablet.png,50mg,"1 strip x 10 tablets",50mg,"Opsonin Pharma Ltd.",85.00,100.00,843,0,1,"2026-06-12 20:18:45","2026-06-12 20:26:27"
253,Dandsel,Ketoconazole,dandsel,"Anti-dandruff topical medicinal scalp therapy lotion.",medicines/syrup.png,2%,"1 Bottle x 100ml",2%,"Renata Limited",190.00,220.00,1006,0,1,"2026-06-12 20:18:45","2026-06-12 20:26:27"
254,Nystat,Nystatin,nystat,"Oral antifungal suspension treating thrush conditions.",medicines/syrup.png,100000IU/ml,"1 Bottle x 30ml",100000IU/ml,"Aci Limited",42.00,50.00,446,1,1,"2026-06-12 20:18:45","2026-06-12 20:26:27"
255,"Amaryl M","Glimepiride + Metformin",amaryl-m,"Dual mechanism synergistic metabolic tracker.",medicines/tablet.png,2mg/500mg,"1 strip x 10 tablets",2mg/500mg,"Eskayef Pharmaceuticals Ltd.",110.00,130.00,868,1,1,"2026-06-12 20:18:45","2026-06-12 20:26:27"
256,Aloglip,Sitagliptin,aloglip,"Selective DPP-4 control element managing postprandial sugars.",medicines/tablet.png,50mg,"1 strip x 10 tablets",50mg,"Aristopharma Ltd.",140.00,165.00,434,1,1,"2026-06-12 20:18:45","2026-06-12 20:26:27"
257,Vildas,Vildagliptin,vildas,"Incretin enhancer protecting baseline pancreatic cells.",medicines/tablet.png,50mg,"1 strip x 10 tablets",50mg,"Drug International Ltd.",135.00,160.00,445,1,1,"2026-06-12 20:18:45","2026-06-12 20:26:27"
258,Megalyn,Pregabalin,megalyn,"Neuropathic pain modular blocker and structural stabilizer.",medicines/capsule.png,75mg,"1 strip x 10 capsules",75mg,"Radiant Pharmaceuticals Ltd.",155.00,180.00,343,1,1,"2026-06-12 20:18:45","2026-06-12 20:26:27"
259,Preba,Pregabalin,preba,"GABAergic central neurotransmitter pathway dampener.",medicines/capsule.png,50mg,"1 strip x 10 capsules",50mg,"Popular Pharmaceuticals Ltd.",110.00,130.00,1176,1,1,"2026-06-12 20:18:45","2026-06-12 20:26:27"
260,Gaba,Gabapentin,gaba,"Post-herpetic neuralgia and neuropathic chronic pain manager.",medicines/tablet.png,300mg,"1 strip x 10 tablets",300mg,"Beacon Pharmaceuticals PLC",190.00,220.00,923,1,1,"2026-06-12 20:18:45","2026-06-12 20:26:27"
261,Anadol,"Tramadol HCl",anadol,"Centrally acting synthetic opioid analgesic element.",medicines/capsule.png,50mg,"1 strip x 10 capsules",50mg,"Healthcare Pharmaceuticals Ltd.",85.00,100.00,1006,1,1,"2026-06-12 20:18:45","2026-06-12 20:26:27"
262,Apadol,"Tramadol + Paracetamol",apadol,"Synergistic opioid-antipyretic heavy pain compound.",medicines/tablet.png,37.5mg/325mg,"1 strip x 10 tablets",37.5mg/325mg,"Beximco Pharmaceuticals Ltd.",130.00,150.00,1169,1,1,"2026-06-12 20:18:45","2026-06-12 20:26:27"
263,Morphin,"Morphine Sulfate",morphin,"Surgical-tier intense terminal pain management narcotic.",medicines/tablet.png,15mg,"1 strip x 10 tablets",15mg,"Square Pharmaceuticals PLC",260.00,310.00,913,1,1,"2026-06-12 20:18:45","2026-06-12 20:26:27"
264,"Disopan C",Clonazepam,disopan-c,"Combination psychological tranquilizer tracking pathways.",medicines/tablet.png,0.5mg,"1 strip x 10 tablets",0.5mg,"Incepta Pharmaceuticals Ltd.",55.00,65.00,560,1,1,"2026-06-12 20:18:45","2026-06-12 20:26:27"
265,Olanza,Olanzapine,olanza,"Atypical antipsychotic regulating dopamine-serotonin arrays.",medicines/tablet.png,5mg,"1 strip x 10 tablets",5mg,"Opsonin Pharma Ltd.",65.00,75.00,950,1,1,"2026-06-12 20:18:45","2026-06-12 20:26:27"
266,Risper,Risperidone,risper,"Antipsychotic targeting manic states and schizophrenia profiles.",medicines/tablet.png,2mg,"1 strip x 10 tablets",2mg,"Renata Limited",80.00,95.00,238,1,1,"2026-06-12 20:18:45","2026-06-12 20:26:27"
267,Zosert,Sertraline,zosert,"Major depressive disorder emotional tracking medicine.",medicines/tablet.png,100mg,"1 strip x 10 tablets",100mg,"Aci Limited",185.00,220.00,439,1,1,"2026-06-12 20:18:45","2026-06-12 20:26:27"
268,Secentra,Escitalopram,secentra,"Highly selective serotonin reuptake blocker.",medicines/tablet.png,10mg,"1 strip x 10 tablets",10mg,"Eskayef Pharmaceuticals Ltd.",102.00,120.00,472,1,1,"2026-06-12 20:18:45","2026-06-12 20:26:27"
269,Loram,Escitalopram,loram,"Anxiety and depressive episode stabilization lines.",medicines/tablet.png,5mg,"1 strip x 10 tablets",5mg,"Aristopharma Ltd.",60.00,70.00,342,1,1,"2026-06-12 20:18:45","2026-06-12 20:26:27"
270,Anfranil,"Clomipramine HCl",anfranil,"Tricyclic drug targeting OCD obsessions explicitly.",medicines/tablet.png,25mg,"1 strip x 10 tablets",25mg,"Drug International Ltd.",75.00,90.00,202,1,1,"2026-06-12 20:18:45","2026-06-12 20:26:27"
271,Atarax,"Hydroxyzine HCl",atarax,"Sedative antipruritic breaking itch-scratch cycle loops.",medicines/tablet.png,25mg,"1 strip x 10 tablets",25mg,"Radiant Pharmaceuticals Ltd.",35.00,45.00,462,0,1,"2026-06-12 20:18:45","2026-06-12 20:26:27"
272,Deflux,Domperidone,deflux,"Gastroesophageal reflux motility acceleration fluid.",medicines/syrup.png,1mg/ml,"1 Bottle x 60ml",1mg/ml,"Popular Pharmaceuticals Ltd.",45.00,55.00,390,0,1,"2026-06-12 20:18:45","2026-06-12 20:26:27"
273,Butapan,"Hyoscine Butylbromide",butapan,"Smooth muscle antispasmodic resolving visceral cramping.",medicines/tablet.png,10mg,"1 strip x 10 tablets",10mg,"Beacon Pharmaceuticals PLC",40.00,50.00,209,0,1,"2026-06-12 20:18:45","2026-06-12 20:26:27"
274,Bevenal,"Mebeverine HCl",bevenal,"Musculotropic antispasmodic targeting irritable bowel syndrome.",medicines/tablet.png,135mg,"1 strip x 10 tablets",135mg,"Healthcare Pharmaceuticals Ltd.",78.00,90.00,648,0,1,"2026-06-12 20:18:45","2026-06-12 20:26:27"
275,"Meva SR",Mebeverine,meva-sr,"Sustained release smooth muscle GI track balancer.",medicines/capsule.png,200mg,"1 strip x 10 capsules",200mg,"Beximco Pharmaceuticals Ltd.",135.00,160.00,443,0,1,"2026-06-12 20:18:45","2026-06-12 20:26:27"
276,Profasm,"Alverine Citrate",profasm,"Pelvic and abdominal visceral spasm relaxation agent.",medicines/capsule.png,60mg,"1 strip x 10 capsules",60mg,"Square Pharmaceuticals PLC",65.00,80.00,893,0,1,"2026-06-12 20:18:45","2026-06-12 20:26:27"
277,Ulcaid,Sucralfate,ulcaid,"Cytoprotective cross-linking gastric ulcer coating paste.",medicines/syrup.png,1g/5ml,"1 Bottle x 200ml",1g/5ml,"Incepta Pharmaceuticals Ltd.",210.00,250.00,525,1,1,"2026-06-12 20:18:45","2026-06-12 20:26:27"
278,"Baby Zinc","Zinc Sulfate",baby-zinc,"Pediatric diarrheal duration shortening zinc therapy.",medicines/syrup.png,20mg/5ml,"1 Bottle x 100ml",20mg/5ml,"Opsonin Pharma Ltd.",42.00,50.00,1048,0,1,"2026-06-12 20:18:45","2026-06-12 20:26:27"
279,Ferris,"Iron Polymaltose",ferris,"Non-constipating macromolecular iron delivery syrup.",medicines/syrup.png,50mg/5ml,"1 Bottle x 100ml",50mg/5ml,"Renata Limited",95.00,115.00,420,0,1,"2026-06-12 20:18:45","2026-06-12 20:26:27"
280,Folison,"Folic Acid",folison,"DNA synthesis tracking periconceptional neural tube protector.",medicines/tablet.png,5mg,"1 strip x 15 tablets",5mg,"Aci Limited",12.00,18.00,277,0,1,"2026-06-12 20:18:45","2026-06-12 20:26:27"
281,Feoplus,"Carbonyl Iron",feoplus,"High bioavailability elemental iron compound tracking cells.",medicines/capsule.png,100mg,"1 strip x 10 capsules",100mg,"Eskayef Pharmaceuticals Ltd.",65.00,80.00,819,0,1,"2026-06-12 20:18:45","2026-06-12 20:26:27"
282,E-Gel,"Vitamin E",e-gel,"Antioxidant capturing free radical structural stress arrays.",medicines/ointment.png,400IU,"1 strip x 10 softgels",400IU,"Aristopharma Ltd.",68.00,80.00,229,0,1,"2026-06-12 20:18:45","2026-06-12 20:26:27"
283,Ceevit,"Vitamin C",ceevit,"Ascorbic acid chewable scurvy prevention element.",medicines/tablet.png,250mg,"1 strip x 10 tablets",250mg,"Drug International Ltd.",22.00,28.00,1011,0,1,"2026-06-12 20:18:45","2026-06-12 20:26:27"
284,Hairvit,Biotin,hairvit,"Coenzyme supplement optimizing keratin structure lines.",medicines/tablet.png,5mg,"1 strip x 10 tablets",5mg,"Radiant Pharmaceuticals Ltd.",110.00,140.00,817,0,1,"2026-06-12 20:18:45","2026-06-12 20:26:27"
285,D3-Caps,Cholecalciferol,d3-caps,"Baseline calcium absorption optimization module.",medicines/capsule.png,20000IU,"1 strip x 4 capsules",20000IU,"Popular Pharmaceuticals Ltd.",85.00,100.00,765,1,1,"2026-06-12 20:18:45","2026-06-12 20:26:27"
286,Camlodin-AT,"Amlodipine + Atenolol",camlodin-at,"Dual action calcium blocker + beta blocker synergy layout.",medicines/syrup.png,5mg/50mg,"1 strip x 10 tablets",5mg/50mg,"Beacon Pharmaceuticals PLC",85.00,100.00,463,1,1,"2026-06-12 20:18:45","2026-06-12 20:26:27"
287,Telmi,Telmisartan,telmi,"Angiotensin II receptor antagonist with prolonged half-life.",medicines/tablet.png,40mg,"1 strip x 10 tablets",40mg,"Healthcare Pharmaceuticals Ltd.",70.00,82.00,580,1,1,"2026-06-12 20:18:45","2026-06-12 20:26:27"
288,Angitel,Telmisartan,angitel,"Cardiovascular endpoint tracking high performance antihypertensive.",medicines/tablet.png,80mg,"1 strip x 10 tablets",80mg,"Beximco Pharmaceuticals Ltd.",120.00,140.00,653,1,1,"2026-06-12 20:18:45","2026-06-12 20:26:27"
289,Olmetec,"Olmesartan Medoxomil",olmetec,"Potent vascular smooth muscle relaxation regulator.",medicines/tablet.png,20mg,"1 strip x 10 tablets",20mg,"Square Pharmaceuticals PLC",75.00,90.00,708,1,1,"2026-06-12 20:18:45","2026-06-12 20:26:27"
290,Ramace,Ramipril,ramace,"ACE inhibitor reducing cardiac remodeling pathologies.",medicines/tablet.png,5mg,"1 strip x 10 tablets",5mg,"Incepta Pharmaceuticals Ltd.",68.00,80.00,1042,1,1,"2026-06-12 20:18:45","2026-06-12 20:26:27"
291,Carva,Carvedilol,carva,"Alpha-beta blocker stabilizing failing myocardial architecture.",medicines/tablet.png,6.25mg,"1 strip x 10 tablets",6.25mg,"Opsonin Pharma Ltd.",48.00,55.00,249,1,1,"2026-06-12 20:18:45","2026-06-12 20:26:27"
292,"Nitrin SR","Glyceryl Trinitrate",nitrin-sr,"Sustained systemic venous dilator preventing angina episodes.",medicines/tablet.png,2.6mg,"1 strip x 10 tablets",2.6mg,"Renata Limited",102.00,120.00,780,1,1,"2026-06-12 20:18:45","2026-06-12 20:26:27"
293,Nitromint,"Glyceryl Trinitrate Spray",nitromint,"Sublingual emergency ischemic rescue spray system.",medicines/inhaler.png,0.4mg/dose,"1 Canister",0.4mg/dose,"Aci Limited",580.00,650.00,572,1,1,"2026-06-12 20:18:45","2026-06-12 20:26:27"
294,Ivanor,Ivabradine,ivanor,"Hyperpolarization-activated cyclic nucleotide-gated channel blocker.",medicines/tablet.png,5mg,"1 strip x 10 tablets",5mg,"Eskayef Pharmaceuticals Ltd.",160.00,190.00,261,1,1,"2026-06-12 20:18:45","2026-06-12 20:26:27"
295,Warf,"Warfarin Sodium",warf,"Vitamin K antagonist monitoring critical prothrombin lines.",medicines/tablet.png,5mg,"1 strip x 10 tablets",5mg,"Aristopharma Ltd.",70.00,85.00,1145,1,1,"2026-06-12 20:18:45","2026-06-12 20:26:27"
296,Roxaban,Rivaroxaban,roxaban,"Direct factor Xa inhibitor anticoagulant processing safely.",medicines/tablet.png,10mg,"1 strip x 10 tablets",10mg,"Drug International Ltd.",320.00,380.00,975,1,1,"2026-06-12 20:18:45","2026-06-12 20:26:27"
297,Geprin-A,"Clopidogrel + Aspirin",geprin-a,"Dual antiplatelet dynamic tracking post-stent therapy.",medicines/tablet.png,75mg/75mg,"1 strip x 10 tablets",75mg/75mg,"Radiant Pharmaceuticals Ltd.",135.00,160.00,1193,1,1,"2026-06-12 20:18:45","2026-06-12 20:26:27"
298,"Ventolin Sol.","Salbutamol Respiratory Sol.",ventolin-sol,"Inhalation nebulization liquid tracking critical spasms.",medicines/syrup.png,5mg/ml,"1 Bottle x 20ml",5mg/ml,"Popular Pharmaceuticals Ltd.",145.00,175.00,817,1,1,"2026-06-12 20:18:45","2026-06-12 20:26:27"
299,Iprasmol,"Ipratropium + Salbutamol",iprasmol,"Anticholinergic-bronchodilator synergy tracking loop.",medicines/syrup.png,0.5mg/2.5mg,"1 Nebule x 2.5ml",0.5mg/2.5mg,"Beacon Pharmaceuticals PLC",35.00,42.00,637,1,1,"2026-06-12 20:18:45","2026-06-12 20:26:27"
300,Symbicort,"Budesonide + Formoterol",symbicort,"Inhaled corticosteroid + LABA asthma management controller.",medicines/tablet.png,160mcg/4.5mcg,"1 Turbohaler",160mcg/4.5mcg,"Healthcare Pharmaceuticals Ltd.",880.00,1050.00,236,1,1,"2026-06-12 20:18:45","2026-06-12 20:26:27"
301,Ticamet,"Fluticasone + Salmeterol",ticamet,"Maintenance therapy tracking chronic obstructive pulmonary profiles.",medicines/inhaler.png,250mcg/50mcg,"1 Inhaler x 60 puffs",250mcg/50mcg,"Beximco Pharmaceuticals Ltd.",460.00,530.00,1056,1,1,"2026-06-12 20:18:45","2026-06-12 20:26:27"
302,Tiomax,Tiotropium,tiomax,"Long-acting muscarinic antagonist parsing lung capacity tracking.",medicines/capsule.png,18mcg,"1 strip x 10 capsules",18mcg,"Square Pharmaceuticals PLC",190.00,230.00,735,1,1,"2026-06-12 20:18:45","2026-06-12 20:26:27"
303,Doxorex,"Doxofylline Syrup",doxorex,"Pediatric xanthine bronchodilator respiratory line.",medicines/syrup.png,100mg/5ml,"1 Bottle x 100ml",100mg/5ml,"Incepta Pharmaceuticals Ltd.",55.00,65.00,921,1,1,"2026-06-12 20:18:45","2026-06-12 20:26:27"
304,Cortisolf,"Hydrocortisone Sodium Succinate",cortisolf,"Emergency systemic glucocorticoid injection tracker.",medicines/injection.png,100mg,"1 Vial",100mg,"Opsonin Pharma Ltd.",320.00,380.00,1027,1,1,"2026-06-12 20:18:45","2026-06-12 20:26:27"
305,Medrol,Methylprednisolone,medrol,"Intense immune pulse therapy glucocorticoid structural line.",medicines/tablet.png,4mg,"1 strip x 10 tablets",4mg,"Renata Limited",110.00,130.00,559,1,1,"2026-06-12 20:18:45","2026-06-12 20:26:27"
306,Burnsil,"Silver Sulfadiazine",burnsil,"Topical antibacterial protective barrier for severe burn paths.",medicines/tablet.png,1%,"1 Jar x 250g",1%,"Aci Limited",240.00,290.00,732,0,1,"2026-06-12 20:18:45","2026-06-12 20:26:27"
307,Bactoderm,Mupirocin,bactoderm,"Topical protein synthesis blocker resolving impetigo lines.",medicines/ointment.png,2%,"1 Tube x 15g",2%,"Eskayef Pharmaceuticals Ltd.",115.00,140.00,1105,0,1,"2026-06-12 20:18:45","2026-06-12 20:26:27"
308,Fusi,"Fusidic Acid",fusi,"Steroidal topical antibiotic clearing deep staph cells.",medicines/ointment.png,2%,"1 Tube x 10g",2%,"Aristopharma Ltd.",85.00,105.00,993,0,1,"2026-06-12 20:18:45","2026-06-12 20:26:27"
309,Cortoid,"Hydrocortisone Acetate",cortoid,"Mild topical anti-inflammatory skin scaling tracker.",medicines/ointment.png,1%,"1 Tube x 15g",1%,"Drug International Ltd.",42.00,55.00,735,0,1,"2026-06-12 20:18:45","2026-06-12 20:26:27"
310,Dermovate,"Clobetasol Propionate",dermovate,"Ultra-high potency topical corticosteroid skin element.",medicines/ointment.png,0.05%,"1 Tube x 15g",0.05%,"Radiant Pharmaceuticals Ltd.",95.00,115.00,221,1,1,"2026-06-12 20:18:45","2026-06-12 20:26:27"
311,Scabex,Permethrin,scabex,"Neurotoxic scabicidal topical whole body lotion profile.",medicines/syrup.png,5%,"1 Bottle x 60ml",5%,"Popular Pharmaceuticals Ltd.",75.00,95.00,376,0,1,"2026-06-12 20:18:45","2026-06-12 20:26:27"
312,Xonotar,"Salicylic Acid + Coal Tar",xonotar,"Keratolytic shampoo breaking stubborn plaque psoriasis.",medicines/syrup.png,3%/1%,"1 Bottle x 100ml",3%/1%,"Beacon Pharmaceuticals PLC",210.00,250.00,355,0,1,"2026-06-12 20:18:45","2026-06-12 20:26:27"
313,Timoptol,"Timolol Maleate",timoptol,"Beta blocker eye drops reducing intraocular glaucoma strain.",medicines/syrup.png,0.5%,"1 Dropper x 5ml",0.5%,"Healthcare Pharmaceuticals Ltd.",110.00,135.00,350,1,1,"2026-06-12 20:18:45","2026-06-12 20:26:27"
314,Latacom,Latanoprost,latacom,"Prostaglandin analogue maximizing uveoscleral outflow tracks.",medicines/syrup.png,0.005%,"1 Dropper x 2.5ml",0.005%,"Beximco Pharmaceuticals Ltd.",480.00,560.00,1159,1,1,"2026-06-12 20:18:45","2026-06-12 20:26:27"
315,Moxisight,"Moxifloxacin Eye Drops",moxisight,"Fourth-generation fluoroquinolone clearing ocular bacteria safely.",medicines/syrup.png,0.5%,"1 Dropper x 5ml",0.5%,"Square Pharmaceuticals PLC",140.00,165.00,914,1,1,"2026-06-12 20:18:45","2026-06-12 20:26:27"
316,Tears-P,"Sodium Carboxymethylcellulose",tears-p,"Lubricating artificial tears protecting dry cornea layers.",medicines/syrup.png,0.5%,"1 Dropper x 10ml",0.5%,"Incepta Pharmaceuticals Ltd.",135.00,160.00,893,0,1,"2026-06-12 20:18:45","2026-06-12 20:26:27"
317,Cipro-Ear,"Ciprofloxacin Otic Drops",cipro-ear,"Targeted anti-infective treating painful otitis externa.",medicines/syrup.png,0.3%,"1 Dropper x 5ml",0.3%,"Opsonin Pharma Ltd.",68.00,80.00,269,1,1,"2026-06-12 20:18:45","2026-06-12 20:26:27"
318,Waxolve,"Sodium Bicarbonate Ear Drops",waxolve,"Alkaline solution loosening impacted cerumen blocks.",medicines/syrup.png,5%,"1 Dropper x 10ml",5%,"Renata Limited",35.00,45.00,293,0,1,"2026-06-12 20:18:45","2026-06-12 20:26:27"
319,"Afrin Nasal","Oxymetazoline HCl",afrin-nasal,"Alpha-adrenergic vasoconstrictor resolving nasal congestion.",medicines/syrup.png,0.05%,"1 Spray x 10ml",0.05%,"Aci Limited",75.00,90.00,380,0,1,"2026-06-12 20:18:45","2026-06-12 20:26:27"
320,Fluticone,"Fluticasone Furoate",fluticone,"Intranasal corticosteroid managing chronic hay fever.",medicines/inhaler.png,27.5mcg/spray,"1 Spray x 120 doses",27.5mcg/spray,"Eskayef Pharmaceuticals Ltd.",280.00,330.00,261,1,1,"2026-06-12 20:18:45","2026-06-12 20:26:27"
321,Azelast,"Azelastine + Fluticasone",azelast,"Dual action antihistamine-steroid advanced nasal spray.",medicines/inhaler.png,137mcg/50mcg,"1 Spray x 150 doses",137mcg/50mcg,"Aristopharma Ltd.",390.00,460.00,957,1,1,"2026-06-12 20:18:45","2026-06-12 20:26:27"
322,Gynocane,"Clotrimazole Vaginal Cream",gynocane,"Intra-vaginal antifungal treating candidal vulvovaginitis.",medicines/ointment.png,2%,"1 Tube x 20g",2%,"Drug International Ltd.",95.00,120.00,381,0,1,"2026-06-12 20:18:45","2026-06-12 20:26:27"
323,Primolut-N,Norethisterone,primolut-n,"Synthetic progestogen delaying menstruation tracking.",medicines/tablet.png,5mg,"1 strip x 10 tablets",5mg,"Radiant Pharmaceuticals Ltd.",92.00,110.00,517,1,1,"2026-06-12 20:18:45","2026-06-12 20:26:27"
324,Mifemax,Mifepristone,mifemax,"Progesterone receptor antagonist tracking medical termination.",medicines/tablet.png,200mg,"1 strip x 1 tablet",200mg,"Popular Pharmaceuticals Ltd.",320.00,380.00,886,1,1,"2026-06-12 20:18:45","2026-06-12 20:26:27"
325,Isovent,Misoprostol,isovent,"PGE1 analogue inducing uterine contraction structural lines.",medicines/tablet.png,200mcg,"1 strip x 4 tablets",200mcg,"Beacon Pharmaceuticals PLC",120.00,150.00,865,1,1,"2026-06-12 20:18:45","2026-06-12 20:26:27"
326,Librax,"Chlordiazepoxide + Clidinium",librax,"Antianxiety anticholinergic tracking irritable stomach states.",medicines/tablet.png,5mg/2.5mg,"1 strip x 10 tablets",5mg/2.5mg,"Healthcare Pharmaceuticals Ltd.",48.00,60.00,672,1,1,"2026-06-12 20:18:45","2026-06-12 20:26:27"
327,Enzyme-D,Pancreatin,enzyme-d,"Digestive enzyme replacement tracking pancreatic insufficiency.",medicines/tablet.png,Standard,"1 strip x 10 tablets",Standard,"Beximco Pharmaceuticals Ltd.",135.00,160.00,397,0,1,"2026-06-12 20:18:45","2026-06-12 20:26:27"
328,Urso,"Ursodeoxycholic Acid",urso,"Hydrophilic bile acid dissolving cholesterol gallstones.",medicines/tablet.png,300mg,"1 strip x 10 tablets",300mg,"Square Pharmaceuticals PLC",260.00,310.00,446,1,1,"2026-06-12 20:18:46","2026-06-12 20:26:27"
329,Hepaclear,"L-Ornithine L-Aspartate",hepaclear,"Amino acid layout removing ammonia in hepatic dysfunction.",medicines/tablet.png,150mg,"1 strip x 10 tablets",150mg,"Incepta Pharmaceuticals Ltd.",185.00,220.00,934,1,1,"2026-06-12 20:18:46","2026-06-12 20:26:27"
330,Probio,"Lactobacillus acidophilus mix",probio,"Multi-strain therapeutic grade protective microflora tracking capsule.",medicines/capsule.png,Standard,"1 strip x 10 capsules",Standard,"Opsonin Pharma Ltd.",150.00,180.00,503,0,1,"2026-06-12 20:18:46","2026-06-12 20:26:27"
331,Zyloric,Allopurinol,zyloric,"Xanthine oxidase inhibitor reducing uric acid concentrations.",medicines/tablet.png,100mg,"1 strip x 10 tablets",100mg,"Renata Limited",42.00,50.00,691,1,1,"2026-06-12 20:18:46","2026-06-12 20:26:27"
332,Febu,Febuxostat,febu,"Selective xanthine oxidase blocker treating chronic gout matrix.",medicines/tablet.png,40mg,"1 strip x 10 tablets",40mg,"Aci Limited",95.00,115.00,1164,1,1,"2026-06-12 20:18:46","2026-06-12 20:26:27"
333,Goutnil,Colchicine,goutnil,"Mitotic poison terminating acute gout inflammatory attacks.",medicines/tablet.png,0.5mg,"1 strip x 10 tablets",0.5mg,"Eskayef Pharmaceuticals Ltd.",80.00,100.00,738,1,1,"2026-06-12 20:18:46","2026-06-12 20:26:27"
334,Trex,Methotrexate,trex,"Antimetabolite managing severe rheumatoid arthritis pathways.",medicines/tablet.png,2.5mg,"1 strip x 10 tablets",2.5mg,"Aristopharma Ltd.",90.00,110.00,470,1,1,"2026-06-12 20:18:46","2026-06-12 20:26:27"
335,Salazine,Sulfasalazine,salazine,"Disease-modifying antirheumatic drug tracking bowel-joint tracks.",medicines/tablet.png,500mg,"1 strip x 10 tablets",500mg,"Drug International Ltd.",140.00,170.00,463,1,1,"2026-06-12 20:18:46","2026-06-12 20:26:27"
336,Reconil,Hydroxychloroquine,reconil,"Immunomodulator tracking systemic lupus erythematosus pipelines.",medicines/tablet.png,200mg,"1 strip x 10 tablets",200mg,"Radiant Pharmaceuticals Ltd.",160.00,190.00,376,1,1,"2026-06-12 20:18:46","2026-06-12 20:26:27"
337,Azoran,Azathioprine,azoran,"Purine synthesis blocker suppressing organ rejection layers.",medicines/tablet.png,50mg,"1 strip x 10 tablets",50mg,"Popular Pharmaceuticals Ltd.",280.00,330.00,426,1,1,"2026-06-12 20:18:46","2026-06-12 20:26:27"
338,Cyclosporin,"Cycloset Eye Drops",cyclosporin,"Immunosuppressant treating severe dry eye keratitis tracks.",medicines/syrup.png,0.05%,"1 Dropper x 3ml",0.05%,"Beacon Pharmaceuticals PLC",420.00,500.00,444,1,1,"2026-06-12 20:18:46","2026-06-12 20:26:27"
339,Sinemet,"Levodopa + Carbidopa",sinemet,"Dopamine replenishment layout tracking Parkinson's systems.",medicines/tablet.png,100mg/25mg,"1 strip x 10 tablets",100mg/25mg,"Healthcare Pharmaceuticals Ltd.",190.00,230.00,1011,1,1,"2026-06-12 20:18:46","2026-06-12 20:26:27"
340,Pramitrex,Pramipexole,pramitrex,"Non-ergoline dopamine agonist processing restless legs syndrome.",medicines/tablet.png,0.25mg,"1 strip x 10 tablets",0.25mg,"Beximco Pharmaceuticals Ltd.",110.00,135.00,1188,1,1,"2026-06-12 20:18:46","2026-06-12 20:26:27"
341,Memoprev,"Donepezil HCl",memoprev,"Acetylcholinesterase inhibitor tracking Alzheimer's disease memory.",medicines/tablet.png,5mg,"1 strip x 10 tablets",5mg,"Square Pharmaceuticals PLC",130.00,155.00,479,1,1,"2026-06-12 20:18:46","2026-06-12 20:26:27"
342,Mentix,"Memantine HCl",mentix,"NMDA receptor antagonist mitigating cortical excitotoxicity.",medicines/tablet.png,10mg,"1 strip x 10 tablets",10mg,"Incepta Pharmaceuticals Ltd.",180.00,215.00,217,1,1,"2026-06-12 20:18:46","2026-06-12 20:26:27"
343,Betnovate,"Betamethasone Valerate",betnovate,"Classic structural steroid treating eczematous flare lines.",medicines/ointment.png,0.1%,"1 Tube x 20g",0.1%,"Opsonin Pharma Ltd.",48.00,60.00,933,1,1,"2026-06-12 20:18:46","2026-06-12 20:26:27"
